away_pitcher_note,away_probable_pitcher,doubleheader,home_pitcher_note,inning_state,losing_Team,venue_name,game_datetime,away_id,game_date,venue_id,current_inning,status,away_name,home_probable_pitcher,winning_pitcher,summary,game_type,away_score,home_name,game_id,winning_team,home_score,game_num,save_pitcher,home_id,losing_team,series_status,losing_pitcher,national_broadcasts
,Tommy Henry,N,,Top,,Salt River Fields at Talking Stick,2022-03-17T20:10:00Z,109,2022-03-17,4249,9,Final,Arizona Diamondbacks,Ty Blach,Brandon Gold,2022-03-17 - Arizona Diamondbacks (3) @ Colorado Rockies (5) (Final),S,3,Colorado Rockies,706975,Colorado Rockies,5,1,Heath Holder,115,Arizona Diamondbacks,COL leads 1-0,Tommy Henry,[]
,Zach Neal,N,,Bottom,,Salt River Fields at Talking Stick,2022-03-18T20:10:00Z,115,2022-03-18,4249,9,Final,Colorado Rockies,Kyle Nelson,Logan Cozart,2022-03-18 - Colorado Rockies (5) @ Arizona Diamondbacks (3) (Final),S,5,Arizona Diamondbacks,707051,Colorado Rockies,3,1,Nick Kennedy,109,Arizona Diamondbacks,COL wins 2-0,Jesus Liranzo,['MLB.tv Free Game']
,Dan Straily,N,,Top,,Tempe Diablo Stadium,2022-03-19T20:10:00Z,109,2022-03-19,2500,9,Final,Arizona Diamondbacks,Daniel Ponce de Leon,Daniel Ponce de Leon,2022-03-19 - Arizona Diamondbacks (5) @ Los Angeles Angels (12) (Final),S,5,Los Angeles Angels,706942,Los Angeles Angels,12,1,,108,Arizona Diamondbacks,LAA wins Spring,Dan Straily,"['MLBN', 'MLB.tv Free Game']"
,Brandon Pfaadt,N,,Bottom,,Surprise Stadium,2022-03-20T20:05:00Z,109,2022-03-20,2603,9,Final,Arizona Diamondbacks,Jackson Kowar,Jace Vines,2022-03-20 - Arizona Diamondbacks (10) @ Kansas City Royals (11) (Final),S,10,Kansas City Royals,706950,Kansas City Royals,11,1,,118,Arizona Diamondbacks,KC wins Spring,Blake Workman,['MLB.tv Free Game']
,George Kirby,N,,Top,,Salt River Fields at Talking Stick,2022-03-21T20:10:00Z,136,2022-03-21,4249,9,Final,Seattle Mariners,Humberto Castellanos,Humberto Castellanos,2022-03-21 - Seattle Mariners (1) @ Arizona Diamondbacks (9) (Final),S,1,Arizona Diamondbacks,707050,Arizona Diamondbacks,9,1,,109,Seattle Mariners,AZ wins Spring,George Kirby,[]
,Kolby Allard,N,,Bottom,,Salt River Fields at Talking Stick,2022-03-22T20:10:00Z,140,2022-03-22,4249,9,Final,Texas Rangers,Madison Bumgarner,Kolby Allard,2022-03-22 - Texas Rangers (4) @ Arizona Diamondbacks (1) (Final),S,4,Arizona Diamondbacks,707049,Texas Rangers,1,1,Ricky Vanasco,109,Arizona Diamondbacks,TEX wins Spring,Madison Bumgarner,[]
,Merrill Kelly,N,,Bottom,,Scottsdale Stadium,2022-03-23T20:05:00Z,109,2022-03-23,2532,9,Final,Arizona Diamondbacks,Logan Webb,Corbin Martin,2022-03-23 - Arizona Diamondbacks (5) @ San Francisco Giants (3) (Final),S,5,San Francisco Giants,706847,Arizona Diamondbacks,3,1,Joe Mantiply,137,San Francisco Giants,AZ wins Spring,Dominic Leone,[]
,Taylor Widener,N,,Bottom,,American Family Fields of Phoenix,2022-03-24T20:10:00Z,109,2022-03-24,2518,9,Final,Arizona Diamondbacks,Brandon Woodruff,Taylor Widener,2022-03-24 - Arizona Diamondbacks (10) @ Milwaukee Brewers (3) (Final),S,10,Milwaukee Brewers,706912,Arizona Diamondbacks,3,1,,158,Milwaukee Brewers,AZ wins Spring,Brandon Woodruff,['MLB.tv Free Game']
,Janson Junk,N,,Top,Tie,Salt River Fields at Talking Stick,2022-03-25T20:10:00Z,108,2022-03-25,4249,9,Final,Los Angeles Angels,Luke Weaver,,2022-03-25 - Los Angeles Angels (5) @ Arizona Diamondbacks (5) (Final),S,5,Arizona Diamondbacks,707048,Tie,5,1,,109,,,,[]
,Tyler Gilbert,N,,Top,,Surprise Stadium,2022-03-27T20:05:00Z,109,2022-03-27,2603,9,Final,Arizona Diamondbacks,A.J. Alexy,A.J. Alexy,2022-03-27 - Arizona Diamondbacks (0) @ Texas Rangers (13) (Final),S,0,Texas Rangers,706808,Texas Rangers,13,1,,140,Arizona Diamondbacks,TEX wins Spring,Tyler Gilbert,[]
,Ryan Rolison,N,,Top,,Salt River Fields at Talking Stick,2022-03-27T20:10:00Z,115,2022-03-27,4249,9,Final,Colorado Rockies,Madison Bumgarner,Mitchell Stumpo,2022-03-27 - Colorado Rockies (2) @ Arizona Diamondbacks (5) (Final),S,2,Arizona Diamondbacks,707117,Arizona Diamondbacks,5,1,Tommy Henry,109,Colorado Rockies,AZ wins Spring,Ryan Rolison,[]
,Clayton Kershaw,N,,Top,,Salt River Fields at Talking Stick,2022-03-28T20:10:00Z,119,2022-03-28,4249,9,Final,Los Angeles Dodgers,Corbin Martin,J.B. Wendelken,2022-03-28 - Los Angeles Dodgers (3) @ Arizona Diamondbacks (5) (Final),S,3,Arizona Diamondbacks,707045,Arizona Diamondbacks,5,1,Drey Jameson,109,Los Angeles Dodgers,AZ wins Spring,Guillermo Zuniga,[]
,Zach Davies,N,,Top,,Sloan Park,2022-03-29T20:05:00Z,109,2022-03-29,4629,9,Final,Arizona Diamondbacks,Justin Steele,Justin Steele,2022-03-29 - Arizona Diamondbacks (2) @ Chicago Cubs (3) (Final),S,2,Chicago Cubs,707005,Chicago Cubs,3,1,Cayne Ueckert,112,Arizona Diamondbacks,CHC wins Spring,Zach Davies,[]
,Zac Gallen,N,,Bottom,,Salt River Fields at Talking Stick,2022-03-30T20:10:00Z,109,2022-03-30,4249,9,Final,Arizona Diamondbacks,German Marquez,Caleb Smith,2022-03-30 - Arizona Diamondbacks (9) @ Colorado Rockies (2) (Final),S,9,Colorado Rockies,706968,Arizona Diamondbacks,2,1,,115,Colorado Rockies,AZ wins Spring,Jordan Sheffield,[]
,Blake Snell,N,,Top,,Salt River Fields at Talking Stick,2022-03-31T20:10:00Z,135,2022-03-31,4249,9,Final,San Diego Padres,Luke Weaver,Luke Weaver,2022-03-31 - San Diego Padres (2) @ Arizona Diamondbacks (8) (Final),S,2,Arizona Diamondbacks,707047,Arizona Diamondbacks,8,1,Humberto Castellanos,109,San Diego Padres,AZ wins Spring,Blake Snell,[]
,Kyle Hendricks,N,,Top,,Salt River Fields at Talking Stick,2022-04-01T20:10:00Z,112,2022-04-01,4249,9,Final,Chicago Cubs,Madison Bumgarner,Madison Bumgarner,2022-04-01 - Chicago Cubs (0) @ Arizona Diamondbacks (6) (Final),S,0,Arizona Diamondbacks,707046,Arizona Diamondbacks,6,1,,109,Chicago Cubs,AZ wins Spring,Kyle Hendricks,[]
,Tyler Gilbert,N,,Top,,Goodyear Ballpark,2022-04-02T01:05:00Z,109,2022-04-01,3834,9,Final,Arizona Diamondbacks,Zach Plesac,Zach Plesac,2022-04-01 - Arizona Diamondbacks (1) @ Cleveland Guardians (5) (Final),S,1,Cleveland Guardians,706982,Cleveland Guardians,5,1,,114,Arizona Diamondbacks,CLE wins Spring,Tyler Gilbert,[]
,Lance Lynn,N,,Top,,Salt River Fields at Talking Stick,2022-04-03T01:10:00Z,145,2022-04-02,4249,9,Final,Chicago White Sox,Merrill Kelly,Merrill Kelly,2022-04-02 - Chicago White Sox (4) @ Arizona Diamondbacks (8) (Final),S,4,Arizona Diamondbacks,707042,Arizona Diamondbacks,8,1,,109,Chicago White Sox,AZ wins Spring,Lance Lynn,[]
,Nick Lodolo,N,,Bottom,,Salt River Fields at Talking Stick,2022-04-03T20:10:00Z,113,2022-04-03,4249,9,Final,Cincinnati Reds,Corbin Martin,Nick Lodolo,2022-04-03 - Cincinnati Reds (15) @ Arizona Diamondbacks (4) (Final),S,15,Arizona Diamondbacks,707041,Cincinnati Reds,4,1,,109,Arizona Diamondbacks,CIN wins Spring,Corbin Martin,[]
,Caleb Smith,N,,Top,,Peoria Stadium,2022-04-04T20:10:00Z,109,2022-04-04,2530,9,Final,Arizona Diamondbacks,Marco Gonzales,Diego Castillo,2022-04-04 - Arizona Diamondbacks (3) @ Seattle Mariners (6) (Final),S,3,Seattle Mariners,706827,Seattle Mariners,6,1,Matt Festa,136,Arizona Diamondbacks,SEA wins Spring,Riley Smith,[]
,Konnor Pilkington,N,,Top,,Chase Field,2022-04-05T01:40:00Z,114,2022-04-04,15,9,Final,Cleveland Guardians,Zach Davies,Zach Davies,2022-04-04 - Cleveland Guardians (1) @ Arizona Diamondbacks (3) (Final),S,1,Arizona Diamondbacks,707043,Arizona Diamondbacks,3,1,Sean Poppen,109,Cleveland Guardians,AZ leads 1-0,Konnor Pilkington,[]
,Aaron Civale,N,,Top,,Chase Field,2022-04-05T19:40:00Z,114,2022-04-05,15,9,Final,Cleveland Guardians,Zac Gallen,Cam Booser,2022-04-05 - Cleveland Guardians (1) @ Arizona Diamondbacks (3) (Final),S,1,Arizona Diamondbacks,707044,Arizona Diamondbacks,3,1,Jesus Liranzo,109,Cleveland Guardians,AZ wins 2-0,Juan Zapata,[]
,Yu Darvish,N,,Bottom,,Chase Field,2022-04-08T01:40:00Z,135,2022-04-07,15,9,Final,San Diego Padres,Madison Bumgarner,Joe Mantiply,2022-04-07 - San Diego Padres (2) @ Arizona Diamondbacks (4) (Final),R,2,Arizona Diamondbacks,663418,Arizona Diamondbacks,4,1,,109,San Diego Padres,AZ leads 1-0,Robert Suarez,[]
,Sean Manaea,N,,Bottom,,Chase Field,2022-04-09T01:40:00Z,135,2022-04-08,15,9,Final,San Diego Padres,Merrill Kelly,Sean Manaea,2022-04-08 - San Diego Padres (3) @ Arizona Diamondbacks (0) (Final),R,3,Arizona Diamondbacks,663417,San Diego Padres,0,1,Taylor Rogers,109,Arizona Diamondbacks,Series tied 1-1,Oliver Perez,[]
,Joe Musgrove,N,,Bottom,,Chase Field,2022-04-10T00:10:00Z,135,2022-04-09,15,9,Final,San Diego Padres,Zach Davies,Steven Wilson,2022-04-09 - San Diego Padres (5) @ Arizona Diamondbacks (2) (Final),R,5,Arizona Diamondbacks,663404,San Diego Padres,2,1,Taylor Rogers,109,Arizona Diamondbacks,SD leads 2-1,Ian Kennedy,[]
,Blake Snell,N,,Bottom,,Chase Field,2022-04-10T20:10:00Z,135,2022-04-10,15,9,Final,San Diego Padres,Caleb Smith,Austin Adams,2022-04-10 - San Diego Padres (10) @ Arizona Diamondbacks (5) (Final),R,10,Arizona Diamondbacks,663395,San Diego Padres,5,1,,109,Arizona Diamondbacks,SD wins 3-1,Caleb Smith,[]
,Luis Garcia,N,,Bottom,,Chase Field,2022-04-13T01:40:00Z,117,2022-04-12,15,9,Final,Houston Astros,Madison Bumgarner,Hector Neris,2022-04-12 - Houston Astros (2) @ Arizona Diamondbacks (1) (Final),R,2,Arizona Diamondbacks,663411,Houston Astros,1,1,Ryan Pressly,109,Arizona Diamondbacks,HOU leads 1-0,Mark Melancon,[]
,Framber Valdez,N,,Bottom,,Chase Field,2022-04-13T19:40:00Z,117,2022-04-13,15,10,Final,Houston Astros,Merrill Kelly,Oliver Perez,2022-04-13 - Houston Astros (2) @ Arizona Diamondbacks (3) (Final),R,2,Arizona Diamondbacks,663341,Arizona Diamondbacks,3,1,,109,Houston Astros,Series tied 1-1,Ryan Pressly,['MLBN (out-of-market only)']
,Zach Davies,N,,Top,,Citi Field,2022-04-15T17:10:00Z,109,2022-04-15,3289,9,Final,Arizona Diamondbacks,Chris Bassitt,Chris Bassitt,2022-04-15 - Arizona Diamondbacks (3) @ New York Mets (10) (Final),R,3,New York Mets,662485,New York Mets,10,1,,121,Arizona Diamondbacks,NYM leads 1-0,Zach Davies,['MLBN (out-of-market only)']
,Zac Gallen,N,,Bottom,,Citi Field,2022-04-16T17:10:00Z,109,2022-04-16,3289,9,Final,Arizona Diamondbacks,Carlos Carrasco,Sean Poppen,2022-04-16 - Arizona Diamondbacks (3) @ New York Mets (2) (Final),R,3,New York Mets,662626,Arizona Diamondbacks,2,1,Mark Melancon,121,New York Mets,Series tied 1-1,Joely Rodriguez,['MLBN (out-of-market only)']
,Humberto Castellanos,N,,Top,,Citi Field,2022-04-17T17:40:00Z,109,2022-04-17,3289,9,Final,Arizona Diamondbacks,David Peterson,Chasen Shreve,2022-04-17 - Arizona Diamondbacks (0) @ New York Mets (5) (Final),R,0,New York Mets,662625,New York Mets,5,1,,121,Arizona Diamondbacks,NYM wins 2-1,Noe Ramirez,[]
,Madison Bumgarner,N,,,,Nationals Park,2022-04-18T23:05:00Z,109,2022-04-18,3309,,Postponed,Arizona Diamondbacks,Josiah Gray,,2022-04-18 - Arizona Diamondbacks @ Washington Nationals (Postponed),R,0,Washington Nationals,662587,,0,1,,120,,WSH leads 1-0,,[]
,Madison Bumgarner,S,,Top,,Nationals Park,2022-04-19T17:05:00Z,109,2022-04-19,3309,9,Final,Arizona Diamondbacks,Josiah Gray,Josiah Gray,2022-04-19 - Arizona Diamondbacks (1) @ Washington Nationals (6) (Final),R,1,Washington Nationals,662587,Washington Nationals,6,1,,120,Arizona Diamondbacks,WSH leads 1-0,Madison Bumgarner,[]
,Tyler Gilbert,S,,Top,,Nationals Park,2022-04-19T23:05:00Z,109,2022-04-19,3309,9,Final,Arizona Diamondbacks,Joan Adon,Joan Adon,2022-04-19 - Arizona Diamondbacks (0) @ Washington Nationals (1) (Final),R,0,Washington Nationals,662583,Washington Nationals,1,2,Tanner Rainey,120,Arizona Diamondbacks,WSH leads 2-0,Tyler Gilbert,[]
,Merrill Kelly,N,,Bottom,,Nationals Park,2022-04-20T23:05:00Z,109,2022-04-20,3309,9,Final,Arizona Diamondbacks,Erick Fedde,Merrill Kelly,2022-04-20 - Arizona Diamondbacks (11) @ Washington Nationals (2) (Final),R,11,Washington Nationals,662560,Arizona Diamondbacks,2,1,,120,Washington Nationals,WSH leads 2-1,Erick Fedde,[]
,Zach Davies,N,,Bottom,,Nationals Park,2022-04-21T20:05:00Z,109,2022-04-21,3309,9,Final,Arizona Diamondbacks,Josh Rogers,Zach Davies,2022-04-21 - Arizona Diamondbacks (4) @ Washington Nationals (3) (Final),R,4,Washington Nationals,662558,Arizona Diamondbacks,3,1,Mark Melancon,120,Washington Nationals,Series tied 2-2,Josh Rogers,[]
,David Peterson,N,,Bottom,,Chase Field,2022-04-23T01:40:00Z,121,2022-04-22,15,10,Final,New York Mets,Zac Gallen,Edwin Diaz,2022-04-22 - New York Mets (6) @ Arizona Diamondbacks (5) (Final),R,6,Arizona Diamondbacks,663394,New York Mets,5,1,Seth Lugo,109,Arizona Diamondbacks,NYM leads 1-0,Mark Melancon,[]
,Trevor Williams,N,,Top,,Chase Field,2022-04-24T00:10:00Z,121,2022-04-23,15,9,Final,New York Mets,Humberto Castellanos,Humberto Castellanos,2022-04-23 - New York Mets (2) @ Arizona Diamondbacks (5) (Final),R,2,Arizona Diamondbacks,663384,Arizona Diamondbacks,5,1,Joe Mantiply,109,New York Mets,Series tied 1-1,Trevor Williams,['MLBN (out-of-market only)']
,Tylor Megill,N,,Bottom,,Chase Field,2022-04-24T20:10:00Z,121,2022-04-24,15,9,Final,New York Mets,Madison Bumgarner,Tylor Megill,2022-04-24 - New York Mets (6) @ Arizona Diamondbacks (2) (Final),R,6,Arizona Diamondbacks,663361,New York Mets,2,1,,109,Arizona Diamondbacks,NYM wins 2-1,J.B. Wendelken,[]
,Walker Buehler,N,,Bottom,,Chase Field,2022-04-26T01:40:00Z,119,2022-04-25,15,9,Final,Los Angeles Dodgers,Merrill Kelly,Walker Buehler,2022-04-25 - Los Angeles Dodgers (4) @ Arizona Diamondbacks (0) (Final),R,4,Arizona Diamondbacks,663382,Los Angeles Dodgers,0,1,,109,Arizona Diamondbacks,LAD leads 1-0,Merrill Kelly,[]
,Tony Gonsolin,N,,Top,,Chase Field,2022-04-27T01:40:00Z,119,2022-04-26,15,9,Final,Los Angeles Dodgers,Zach Davies,Ian Kennedy,2022-04-26 - Los Angeles Dodgers (3) @ Arizona Diamondbacks (5) (Final),R,3,Arizona Diamondbacks,663383,Arizona Diamondbacks,5,1,Mark Melancon,109,Los Angeles Dodgers,Series tied 1-1,Brusdar Graterol,['MLBN (out-of-market only)']
,Julio Urias,N,,Top,,Chase Field,2022-04-27T19:40:00Z,119,2022-04-27,15,9,Final,Los Angeles Dodgers,Zac Gallen,Ian Kennedy,2022-04-27 - Los Angeles Dodgers (1) @ Arizona Diamondbacks (3) (Final),R,1,Arizona Diamondbacks,663393,Arizona Diamondbacks,3,1,Mark Melancon,109,Los Angeles Dodgers,AZ wins 2-1,Daniel Hudson,[]
,Humberto Castellanos,N,,Top,,Busch Stadium,2022-04-28T23:45:00Z,109,2022-04-28,2889,9,Final,Arizona Diamondbacks,Dakota Hudson,Dakota Hudson,2022-04-28 - Arizona Diamondbacks (3) @ St. Louis Cardinals (8) (Final),R,3,St. Louis Cardinals,662047,St. Louis Cardinals,8,1,,138,Arizona Diamondbacks,STL leads 1-0,Humberto Castellanos,['MLBN (out-of-market only)']
,Madison Bumgarner,N,,Bottom,,Busch Stadium,2022-04-30T00:15:00Z,109,2022-04-29,2889,9,Final,Arizona Diamondbacks,Adam Wainwright,Madison Bumgarner,2022-04-29 - Arizona Diamondbacks (6) @ St. Louis Cardinals (2) (Final),R,6,St. Louis Cardinals,662037,Arizona Diamondbacks,2,1,,138,St. Louis Cardinals,Series tied 1-1,Adam Wainwright,[]
,Merrill Kelly,N,,Bottom,,Busch Stadium,2022-04-30T18:15:00Z,109,2022-04-30,2889,9,Final,Arizona Diamondbacks,Miles Mikolas,Merrill Kelly,2022-04-30 - Arizona Diamondbacks (2) @ St. Louis Cardinals (0) (Final),R,2,St. Louis Cardinals,662036,Arizona Diamondbacks,0,1,Ian Kennedy,138,St. Louis Cardinals,AZ leads 2-1,Miles Mikolas,[]
,Zach Davies,N,,Top,,Busch Stadium,2022-05-01T18:15:00Z,109,2022-05-01,2889,9,Final,Arizona Diamondbacks,Jordan Hicks,Kodi Whitley,2022-05-01 - Arizona Diamondbacks (5) @ St. Louis Cardinals (7) (Final),R,5,St. Louis Cardinals,661988,St. Louis Cardinals,7,1,Ryan Helsley,138,Arizona Diamondbacks,Series tied 2-2,Keynan Middleton,[]
,Zac Gallen,N,,Bottom,,loanDepot park,2022-05-02T22:40:00Z,109,2022-05-02,4169,9,Final,Arizona Diamondbacks,Pablo Lopez,Zac Gallen,2022-05-02 - Arizona Diamondbacks (5) @ Miami Marlins (4) (Final),R,5,Miami Marlins,661362,Arizona Diamondbacks,4,1,Ian Kennedy,146,Miami Marlins,AZ leads 1-0,Pablo Lopez,[]
,Humberto Castellanos,N,,Bottom,,loanDepot park,2022-05-03T22:40:00Z,109,2022-05-03,4169,9,Final,Arizona Diamondbacks,Trevor Rogers,Humberto Castellanos,2022-05-03 - Arizona Diamondbacks (5) @ Miami Marlins (4) (Final),R,5,Miami Marlins,661364,Arizona Diamondbacks,4,1,Joe Mantiply,146,Miami Marlins,AZ wins 2-0,Trevor Rogers,[]
,Madison Bumgarner,N,,Bottom,,loanDepot park,2022-05-04T16:40:00Z,109,2022-05-04,4169,9,Final,Arizona Diamondbacks,Elieser Hernandez,Keynan Middleton,2022-05-04 - Arizona Diamondbacks (8) @ Miami Marlins (7) (Final),R,8,Miami Marlins,661363,Arizona Diamondbacks,7,1,Ian Kennedy,146,Miami Marlins,AZ wins 3-0,Anthony Bender,[]
,Chad Kuhl,N,,Top,,Chase Field,2022-05-07T01:40:00Z,115,2022-05-06,15,9,Final,Colorado Rockies,Merrill Kelly,Merrill Kelly,2022-05-06 - Colorado Rockies (1) @ Arizona Diamondbacks (4) (Final),R,1,Arizona Diamondbacks,663360,Arizona Diamondbacks,4,1,Mark Melancon,109,Colorado Rockies,AZ leads 1-0,Carlos Estevez,['MLB.tv Free Game']
,Kyle Freeland,N,,Bottom,,Chase Field,2022-05-08T00:10:00Z,115,2022-05-07,15,9,Final,Colorado Rockies,Zach Davies,Alex Colome,2022-05-07 - Colorado Rockies (4) @ Arizona Diamondbacks (1) (Final),R,4,Arizona Diamondbacks,663359,Colorado Rockies,1,1,Daniel Bard,109,Arizona Diamondbacks,Series tied 1-1,Mark Melancon,['MLB.tv Free Game']
,German Marquez,N,,Top,,Chase Field,2022-05-08T20:10:00Z,115,2022-05-08,15,9,Final,Colorado Rockies,Zac Gallen,Zac Gallen,2022-05-08 - Colorado Rockies (0) @ Arizona Diamondbacks (4) (Final),R,0,Arizona Diamondbacks,663368,Arizona Diamondbacks,4,1,,109,Colorado Rockies,AZ wins 2-1,German Marquez,['MLB.tv Free Game']
,Elieser Hernandez,N,,Top,,Chase Field,2022-05-10T01:40:00Z,146,2022-05-09,15,9,Final,Miami Marlins,Humberto Castellanos,Kyle Nelson,2022-05-09 - Miami Marlins (3) @ Arizona Diamondbacks (4) (Final),R,3,Arizona Diamondbacks,663366,Arizona Diamondbacks,4,1,Mark Melancon,109,Miami Marlins,AZ leads 1-0,Elieser Hernandez,[]
,Jesus Luzardo,N,,Top,,Chase Field,2022-05-11T01:40:00Z,146,2022-05-10,15,9,Final,Miami Marlins,Madison Bumgarner,Madison Bumgarner,2022-05-10 - Miami Marlins (3) @ Arizona Diamondbacks (9) (Final),R,3,Arizona Diamondbacks,663350,Arizona Diamondbacks,9,1,,109,Miami Marlins,AZ wins 2-0,Jesus Luzardo,[]
,Sandy Alcantara,N,,Bottom,,Chase Field,2022-05-11T19:40:00Z,146,2022-05-11,15,9,Final,Miami Marlins,Merrill Kelly,Anthony Bass,2022-05-11 - Miami Marlins (11) @ Arizona Diamondbacks (3) (Final),R,11,Arizona Diamondbacks,663358,Miami Marlins,3,1,,109,Arizona Diamondbacks,AZ wins 2-1,Mark Melancon,[]
,Drew Smyly,N,,Top,,Chase Field,2022-05-14T01:40:00Z,112,2022-05-13,15,9,Final,Chicago Cubs,Zach Davies,Zach Davies,2022-05-13 - Chicago Cubs (3) @ Arizona Diamondbacks (4) (Final),R,3,Arizona Diamondbacks,663349,Arizona Diamondbacks,4,1,Mark Melancon,109,Chicago Cubs,AZ leads 1-0,Drew Smyly,['Apple TV+']
,Kyle Hendricks,N,,Bottom,,Chase Field,2022-05-15T00:10:00Z,112,2022-05-14,15,9,Final,Chicago Cubs,Zac Gallen,Mychal Givens,2022-05-14 - Chicago Cubs (4) @ Arizona Diamondbacks (2) (Final),R,4,Arizona Diamondbacks,663348,Chicago Cubs,2,1,Rowan Wick,109,Arizona Diamondbacks,Series tied 1-1,Mark Melancon,['MLB.tv Free Game']
,Justin Steele,N,,Bottom,,Chase Field,2022-05-15T20:10:00Z,112,2022-05-15,15,9,Final,Chicago Cubs,Humberto Castellanos,Scott Effross,2022-05-15 - Chicago Cubs (3) @ Arizona Diamondbacks (2) (Final),R,3,Arizona Diamondbacks,663367,Chicago Cubs,2,1,Rowan Wick,109,Arizona Diamondbacks,CHC wins 2-1,Ian Kennedy,[]
,Madison Bumgarner,N,,Top,,Dodger Stadium,2022-05-17T02:10:00Z,109,2022-05-16,22,9,Final,Arizona Diamondbacks,Tony Gonsolin,Tony Gonsolin,2022-05-16 - Arizona Diamondbacks (4) @ Los Angeles Dodgers (5) (Final),R,4,Los Angeles Dodgers,662695,Los Angeles Dodgers,5,1,Craig Kimbrel,119,Arizona Diamondbacks,LAD leads 1-0,Madison Bumgarner,[]
,Tyler Gilbert,S,,Top,,Dodger Stadium,2022-05-17T19:10:00Z,109,2022-05-17,22,9,Final,Arizona Diamondbacks,Ryan Pepiot,Mitch White,2022-05-17 - Arizona Diamondbacks (6) @ Los Angeles Dodgers (7) (Final),R,6,Los Angeles Dodgers,662628,Los Angeles Dodgers,7,1,Craig Kimbrel,119,Arizona Diamondbacks,LAD leads 2-0,Tyler Gilbert,['MLBN']
,Merrill Kelly,S,,Top,,Dodger Stadium,2022-05-18T02:10:00Z,109,2022-05-17,22,9,Final,Arizona Diamondbacks,Tyler Anderson,Tyler Anderson,2022-05-17 - Arizona Diamondbacks (3) @ Los Angeles Dodgers (12) (Final),R,3,Los Angeles Dodgers,662697,Los Angeles Dodgers,12,2,,119,Arizona Diamondbacks,LAD wins 3-0,Merrill Kelly,['MLBN (out-of-market only)']
,Zach Davies,N,,Top,,Dodger Stadium,2022-05-18T20:10:00Z,109,2022-05-18,22,9,Final,Arizona Diamondbacks,Walker Buehler,Walker Buehler,2022-05-18 - Arizona Diamondbacks (3) @ Los Angeles Dodgers (5) (Final),R,3,Los Angeles Dodgers,662744,Los Angeles Dodgers,5,1,Daniel Hudson,119,Arizona Diamondbacks,LAD wins 4-0,Zach Davies,['MLBN (out-of-market only)']
,Zac Gallen,N,,Bottom,,Wrigley Field,2022-05-19T23:40:00Z,109,2022-05-19,17,9,Final,Arizona Diamondbacks,Marcus Stroman,Zac Gallen,2022-05-19 - Arizona Diamondbacks (3) @ Chicago Cubs (1) (Final),R,3,Chicago Cubs,663193,Arizona Diamondbacks,1,1,Mark Melancon,112,Chicago Cubs,AZ leads 1-0,Marcus Stroman,[]
,Humberto Castellanos,N,,Bottom,,Wrigley Field,2022-05-20T18:20:00Z,109,2022-05-20,17,9,Final,Arizona Diamondbacks,Kyle Hendricks,Humberto Castellanos,2022-05-20 - Arizona Diamondbacks (10) @ Chicago Cubs (6) (Final),R,10,Chicago Cubs,663143,Arizona Diamondbacks,6,1,,112,Chicago Cubs,AZ leads 2-0,Kyle Hendricks,['MLBN (out-of-market only)']
,Madison Bumgarner,N,,Bottom,,Wrigley Field,2022-05-21T18:20:00Z,109,2022-05-21,17,10,Final,Arizona Diamondbacks,Justin Steele,Ian Kennedy,2022-05-21 - Arizona Diamondbacks (7) @ Chicago Cubs (6) (Final),R,7,Chicago Cubs,663194,Arizona Diamondbacks,6,1,Mark Melancon,112,Chicago Cubs,AZ wins 3-0,Rowan Wick,[]
,Merrill Kelly,N,,Top,,Wrigley Field,2022-05-22T18:20:00Z,109,2022-05-22,17,9,Final,Arizona Diamondbacks,Wade Miley,Keegan Thompson,2022-05-22 - Arizona Diamondbacks (4) @ Chicago Cubs (5) (Final),R,4,Chicago Cubs,663150,Chicago Cubs,5,1,,112,Arizona Diamondbacks,AZ wins 3-1,Ian Kennedy,[]
,Zack Greinke,N,,Top,,Chase Field,2022-05-24T01:40:00Z,118,2022-05-23,15,9,Final,Kansas City Royals,Zach Davies,J.B. Wendelken,2022-05-23 - Kansas City Royals (5) @ Arizona Diamondbacks (9) (Final),R,5,Arizona Diamondbacks,663340,Arizona Diamondbacks,9,1,,109,Kansas City Royals,AZ leads 1-0,Zack Greinke,[]
,Jonathan Heasley,N,,Top,,Chase Field,2022-05-25T01:40:00Z,118,2022-05-24,15,9,Final,Kansas City Royals,Zac Gallen,Noe Ramirez,2022-05-24 - Kansas City Royals (6) @ Arizona Diamondbacks (8) (Final),R,6,Arizona Diamondbacks,663339,Arizona Diamondbacks,8,1,Mark Melancon,109,Kansas City Royals,AZ wins 2-0,Taylor Clarke,[]
,Mitch White,N,,Bottom,,Chase Field,2022-05-27T01:40:00Z,119,2022-05-26,15,9,Final,Los Angeles Dodgers,Humberto Castellanos,Justin Bruihl,2022-05-26 - Los Angeles Dodgers (14) @ Arizona Diamondbacks (1) (Final),R,14,Arizona Diamondbacks,663338,Los Angeles Dodgers,1,1,,109,Arizona Diamondbacks,LAD leads 1-0,Humberto Castellanos,[]
,Ryan Pepiot,N,,Bottom,,Chase Field,2022-05-28T01:40:00Z,119,2022-05-27,15,9,Final,Los Angeles Dodgers,Madison Bumgarner,Brusdar Graterol,2022-05-27 - Los Angeles Dodgers (6) @ Arizona Diamondbacks (4) (Final),R,6,Arizona Diamondbacks,663347,Los Angeles Dodgers,4,1,,109,Arizona Diamondbacks,LAD leads 2-0,Madison Bumgarner,[]
,Tony Gonsolin,N,,Bottom,,Chase Field,2022-05-28T23:15:00Z,119,2022-05-28,15,9,Final,Los Angeles Dodgers,Merrill Kelly,Tony Gonsolin,2022-05-28 - Los Angeles Dodgers (3) @ Arizona Diamondbacks (2) (Final),R,3,Arizona Diamondbacks,663330,Los Angeles Dodgers,2,1,Daniel Hudson,109,Arizona Diamondbacks,LAD wins 3-0,Merrill Kelly,['FOX']
,Tyler Anderson,N,,Bottom,,Chase Field,2022-05-29T20:10:00Z,119,2022-05-29,15,9,Final,Los Angeles Dodgers,Zach Davies,Tyler Anderson,2022-05-29 - Los Angeles Dodgers (3) @ Arizona Diamondbacks (1) (Final),R,3,Arizona Diamondbacks,663328,Los Angeles Dodgers,1,1,Craig Kimbrel,109,Arizona Diamondbacks,LAD wins 4-0,Zach Davies,[]
,Spencer Strider,N,,Top,,Chase Field,2022-05-31T00:10:00Z,144,2022-05-30,15,9,Final,Atlanta Braves,Zac Gallen,Zac Gallen,2022-05-30 - Atlanta Braves (2) @ Arizona Diamondbacks (6) (Final),R,2,Arizona Diamondbacks,663327,Arizona Diamondbacks,6,1,,109,Atlanta Braves,AZ leads 1-0,Spencer Strider,[]
,Charlie Morton,N,,Bottom,,Chase Field,2022-06-01T01:40:00Z,144,2022-05-31,15,10,Final,Atlanta Braves,Humberto Castellanos,Mark Melancon,2022-05-31 - Atlanta Braves (7) @ Arizona Diamondbacks (8) (Final),R,7,Arizona Diamondbacks,663329,Arizona Diamondbacks,8,1,,109,Atlanta Braves,AZ wins 2-0,Jackson Stephens,[]
,Kyle Wright,N,,Bottom,,Chase Field,2022-06-01T19:40:00Z,144,2022-06-01,15,9,Final,Atlanta Braves,Madison Bumgarner,Kyle Wright,2022-06-01 - Atlanta Braves (6) @ Arizona Diamondbacks (0) (Final),R,6,Arizona Diamondbacks,663326,Atlanta Braves,0,1,,109,Arizona Diamondbacks,AZ wins 2-1,Madison Bumgarner,[]
,Merrill Kelly,N,,Bottom,,PNC Park,2022-06-03T23:05:00Z,109,2022-06-03,31,9,Final,Arizona Diamondbacks,JT Brubaker,Merrill Kelly,2022-06-03 - Arizona Diamondbacks (8) @ Pittsburgh Pirates (6) (Final),R,8,Pittsburgh Pirates,662452,Arizona Diamondbacks,6,1,Mark Melancon,134,Pittsburgh Pirates,AZ leads 1-0,JT Brubaker,[]
,Zach Davies,N,,Bottom,,PNC Park,2022-06-04T20:05:00Z,109,2022-06-04,31,9,Final,Arizona Diamondbacks,Roansy Contreras,Chris Stratton,2022-06-04 - Arizona Diamondbacks (1) @ Pittsburgh Pirates (2) (Final),R,1,Pittsburgh Pirates,662451,Pittsburgh Pirates,2,1,,134,Arizona Diamondbacks,Series tied 1-1,Mark Melancon,[]
,Zac Gallen,N,,Top,,PNC Park,2022-06-05T17:35:00Z,109,2022-06-05,31,9,Final,Arizona Diamondbacks,Zach Thompson,Zach Thompson,2022-06-05 - Arizona Diamondbacks (0) @ Pittsburgh Pirates (3) (Final),R,0,Pittsburgh Pirates,662450,Pittsburgh Pirates,3,1,David Bednar,134,Arizona Diamondbacks,PIT wins 2-1,Zac Gallen,[]
,Madison Bumgarner,N,,Bottom,,Great American Ball Park,2022-06-06T22:40:00Z,109,2022-06-06,2602,7,Completed Early: Rain,Arizona Diamondbacks,Hunter Greene,,2022-06-06 - Arizona Diamondbacks @ Cincinnati Reds (Completed Early: Rain),R,0,Cincinnati Reds,663065,,7,1,,113,,CIN leads 1-0,,[]
,Tyler Gilbert,N,,Top,,Great American Ball Park,2022-06-07T22:40:00Z,109,2022-06-07,2602,9,Final,Arizona Diamondbacks,Graham Ashcraft,Graham Ashcraft,2022-06-07 - Arizona Diamondbacks (8) @ Cincinnati Reds (14) (Final),R,8,Cincinnati Reds,663064,Cincinnati Reds,14,1,,113,Arizona Diamondbacks,CIN leads 2-0,Tyler Gilbert,[]
,Merrill Kelly,N,,Bottom,,Great American Ball Park,2022-06-08T22:40:00Z,109,2022-06-08,2602,9,Final,Arizona Diamondbacks,Mike Minor,Merrill Kelly,2022-06-08 - Arizona Diamondbacks (7) @ Cincinnati Reds (0) (Final),R,7,Cincinnati Reds,663050,Arizona Diamondbacks,0,1,,113,Cincinnati Reds,CIN leads 2-1,Mike Minor,[]
,Zach Davies,N,,Bottom,,Great American Ball Park,2022-06-09T16:35:00Z,109,2022-06-09,2602,9,Final,Arizona Diamondbacks,Tyler Mahle,Mark Melancon,2022-06-09 - Arizona Diamondbacks (5) @ Cincinnati Reds (4) (Final),R,5,Cincinnati Reds,663049,Arizona Diamondbacks,4,1,Ian Kennedy,113,Cincinnati Reds,Series tied 2-2,Tony Santillan,['MLB.tv Free Game']
,Zac Gallen,N,,Top,,Citizens Bank Park,2022-06-10T23:05:00Z,109,2022-06-10,2681,9,Final,Arizona Diamondbacks,Kyle Gibson,Kyle Gibson,2022-06-10 - Arizona Diamondbacks (5) @ Philadelphia Phillies (7) (Final),R,5,Philadelphia Phillies,661617,Philadelphia Phillies,7,1,Corey Knebel,143,Arizona Diamondbacks,PHI leads 1-0,Zac Gallen,[]
,Madison Bumgarner,N,,Top,,Citizens Bank Park,2022-06-11T20:05:00Z,109,2022-06-11,2681,9,Final,Arizona Diamondbacks,Zack Wheeler,Zack Wheeler,2022-06-11 - Arizona Diamondbacks (0) @ Philadelphia Phillies (4) (Final),R,0,Philadelphia Phillies,661614,Philadelphia Phillies,4,1,,143,Arizona Diamondbacks,PHI wins 2-0,Madison Bumgarner,[]
,Kyle Nelson,N,,Bottom,,Citizens Bank Park,2022-06-12T17:35:00Z,109,2022-06-12,2681,9,Final,Arizona Diamondbacks,Ranger Suarez,Luke Weaver,2022-06-12 - Arizona Diamondbacks (13) @ Philadelphia Phillies (1) (Final),R,13,Philadelphia Phillies,661622,Arizona Diamondbacks,1,1,,143,Philadelphia Phillies,PHI wins 2-1,Ranger Suarez,[]
,Mike Minor,N,,Bottom,,Chase Field,2022-06-14T01:40:00Z,113,2022-06-13,15,9,Final,Cincinnati Reds,Merrill Kelly,Mike Minor,2022-06-13 - Cincinnati Reds (5) @ Arizona Diamondbacks (4) (Final),R,5,Arizona Diamondbacks,663345,Cincinnati Reds,4,1,Hunter Strickland,109,Arizona Diamondbacks,CIN leads 1-0,Merrill Kelly,[]
,Tyler Mahle,N,,Bottom,,Chase Field,2022-06-15T01:40:00Z,113,2022-06-14,15,12,Final,Cincinnati Reds,Zach Davies,Luis Cessa,2022-06-14 - Cincinnati Reds (5) @ Arizona Diamondbacks (3) (Final),R,5,Arizona Diamondbacks,663342,Cincinnati Reds,3,1,Joel Kuhnel,109,Arizona Diamondbacks,CIN wins 2-0,Sean Poppen,[]
,Luis Castillo,N,,Top,,Chase Field,2022-06-15T19:40:00Z,113,2022-06-15,15,9,Final,Cincinnati Reds,Zac Gallen,Noe Ramirez,2022-06-15 - Cincinnati Reds (4) @ Arizona Diamondbacks (7) (Final),R,4,Arizona Diamondbacks,663336,Arizona Diamondbacks,7,1,,109,Cincinnati Reds,CIN wins 2-1,Art Warren,[]
,Devin Smeltzer,N,,Top,,Chase Field,2022-06-18T01:40:00Z,142,2022-06-17,15,9,Final,Minnesota Twins,Madison Bumgarner,Madison Bumgarner,2022-06-17 - Minnesota Twins (2) @ Arizona Diamondbacks (7) (Final),R,2,Arizona Diamondbacks,663335,Arizona Diamondbacks,7,1,,109,Minnesota Twins,AZ leads 1-0,Devin Smeltzer,[]
,Dylan Bundy,N,,Bottom,,Chase Field,2022-06-19T02:10:00Z,142,2022-06-18,15,9,Final,Minnesota Twins,Luke Weaver,Dylan Bundy,2022-06-18 - Minnesota Twins (11) @ Arizona Diamondbacks (1) (Final),R,11,Arizona Diamondbacks,663351,Minnesota Twins,1,1,,109,Arizona Diamondbacks,Series tied 1-1,Luke Weaver,['MLBN (out-of-market only)']
,Chris Archer,N,,Top,,Chase Field,2022-06-19T20:10:00Z,142,2022-06-19,15,9,Final,Minnesota Twins,Merrill Kelly,Merrill Kelly,2022-06-19 - Minnesota Twins (1) @ Arizona Diamondbacks (7) (Final),R,1,Arizona Diamondbacks,663334,Arizona Diamondbacks,7,1,,109,Minnesota Twins,AZ wins 2-1,Chris Archer,[]
,Zach Davies,N,,Top,,Petco Park,2022-06-21T01:40:00Z,109,2022-06-20,2680,9,Final,Arizona Diamondbacks,Yu Darvish,Yu Darvish,2022-06-20 - Arizona Diamondbacks (1) @ San Diego Padres (4) (Final),R,1,San Diego Padres,662221,San Diego Padres,4,1,Taylor Rogers,135,Arizona Diamondbacks,SD leads 1-0,Zach Davies,[]
,Zac Gallen,N,,Bottom,,Petco Park,2022-06-22T01:40:00Z,109,2022-06-21,2680,11,Final,Arizona Diamondbacks,Sean Manaea,Tim Hill,2022-06-21 - Arizona Diamondbacks (2) @ San Diego Padres (3) (Final),R,2,San Diego Padres,662248,San Diego Padres,3,1,,135,Arizona Diamondbacks,SD wins 2-0,Ian Kennedy,['MLBN (out-of-market only)']
,Madison Bumgarner,N,,Top,,Petco Park,2022-06-22T20:10:00Z,109,2022-06-22,2680,9,Final,Arizona Diamondbacks,Mike Clevinger,Adrian Morejon,2022-06-22 - Arizona Diamondbacks (4) @ San Diego Padres (10) (Final),R,4,San Diego Padres,662245,San Diego Padres,10,1,Nick Martinez,135,Arizona Diamondbacks,SD wins 3-0,Madison Bumgarner,[]
,Rony Garcia,N,,Bottom,,Chase Field,2022-06-25T01:40:00Z,116,2022-06-24,15,9,Final,Detroit Tigers,Merrill Kelly,Rony Garcia,2022-06-24 - Detroit Tigers (5) @ Arizona Diamondbacks (1) (Final),R,5,Arizona Diamondbacks,663333,Detroit Tigers,1,1,,109,Arizona Diamondbacks,DET leads 1-0,Merrill Kelly,['Apple TV+']
,Alex Faedo,N,,Bottom,,Chase Field,2022-06-26T02:10:00Z,116,2022-06-25,15,9,Final,Detroit Tigers,Zach Davies,Tyler Alexander,2022-06-25 - Detroit Tigers (6) @ Arizona Diamondbacks (3) (Final),R,6,Arizona Diamondbacks,663346,Detroit Tigers,3,1,Gregory Soto,109,Arizona Diamondbacks,DET wins 2-0,Joe Mantiply,[]
,Beau Brieske,N,,Top,,Chase Field,2022-06-26T20:10:00Z,116,2022-06-26,15,9,Final,Detroit Tigers,Dallas Keuchel,J.B. Wendelken,2022-06-26 - Detroit Tigers (7) @ Arizona Diamondbacks (11) (Final),R,7,Arizona Diamondbacks,663331,Arizona Diamondbacks,11,1,,109,Detroit Tigers,DET wins 2-1,Will Vest,[]
,Sean Manaea,N,,Bottom,,Chase Field,2022-06-29T01:40:00Z,135,2022-06-28,15,9,Final,San Diego Padres,Zac Gallen,Mark Melancon,2022-06-28 - San Diego Padres (6) @ Arizona Diamondbacks (7) (Final),R,6,Arizona Diamondbacks,663344,Arizona Diamondbacks,7,1,,109,San Diego Padres,AZ leads 1-0,Taylor Rogers,[]
,Mike Clevinger,N,,Bottom,,Chase Field,2022-06-29T19:40:00Z,135,2022-06-29,15,9,Final,San Diego Padres,Madison Bumgarner,Mike Clevinger,2022-06-29 - San Diego Padres (4) @ Arizona Diamondbacks (0) (Final),R,4,Arizona Diamondbacks,663325,San Diego Padres,0,1,Nick Martinez,109,Arizona Diamondbacks,Series tied 1-1,Madison Bumgarner,[]
,Merrill Kelly,N,,Bottom,,Coors Field,2022-07-02T00:10:00Z,109,2022-07-01,19,9,Final,Arizona Diamondbacks,Antonio Senzatela,Merrill Kelly,2022-07-01 - Arizona Diamondbacks (9) @ Colorado Rockies (3) (Final),R,9,Colorado Rockies,662997,Arizona Diamondbacks,3,1,,115,Colorado Rockies,AZ leads 1-0,Antonio Senzatela,[]
,Dallas Keuchel,N,,Top,,Coors Field,2022-07-03T01:10:00Z,109,2022-07-02,19,9,Final,Arizona Diamondbacks,Austin Gomber,Austin Gomber,2022-07-02 - Arizona Diamondbacks (7) @ Colorado Rockies (11) (Final),R,7,Colorado Rockies,662910,Colorado Rockies,11,1,,115,Arizona Diamondbacks,Series tied 1-1,Dallas Keuchel,[]
,Zac Gallen,N,,Top,,Coors Field,2022-07-03T19:10:00Z,109,2022-07-03,19,9,Final,Arizona Diamondbacks,Chad Kuhl,Jake Bird,2022-07-03 - Arizona Diamondbacks (5) @ Colorado Rockies (6) (Final),R,5,Colorado Rockies,662913,Colorado Rockies,6,1,Daniel Bard,115,Arizona Diamondbacks,COL wins 2-1,Noe Ramirez,[]
,Carlos Rodon,N,,Top,,Chase Field,2022-07-04T22:10:00Z,137,2022-07-04,15,9,Final,San Francisco Giants,Madison Bumgarner,Madison Bumgarner,2022-07-04 - San Francisco Giants (3) @ Arizona Diamondbacks (8) (Final),R,3,Arizona Diamondbacks,663343,Arizona Diamondbacks,8,1,,109,San Francisco Giants,AZ leads 1-0,Carlos Rodon,[]
,Alex Wood,N,,Top,,Chase Field,2022-07-06T01:40:00Z,137,2022-07-05,15,9,Final,San Francisco Giants,Tyler Gilbert,Caleb Smith,2022-07-05 - San Francisco Giants (2) @ Arizona Diamondbacks (6) (Final),R,2,Arizona Diamondbacks,663320,Arizona Diamondbacks,6,1,,109,San Francisco Giants,AZ wins 2-0,Dominic Leone,['MLB.tv Free Game']
,Alex Cobb,N,,Bottom,,Chase Field,2022-07-07T01:40:00Z,137,2022-07-06,15,9,Final,San Francisco Giants,Merrill Kelly,John Brebbia,2022-07-06 - San Francisco Giants (7) @ Arizona Diamondbacks (5) (Final),R,7,Arizona Diamondbacks,663318,San Francisco Giants,5,1,Sam Long,109,Arizona Diamondbacks,AZ wins 2-1,Joe Mantiply,[]
,Austin Gomber,N,,Bottom,,Chase Field,2022-07-08T01:40:00Z,115,2022-07-07,15,9,Final,Colorado Rockies,Dallas Keuchel,Carlos Estevez,2022-07-07 - Colorado Rockies (4) @ Arizona Diamondbacks (3) (Final),R,4,Arizona Diamondbacks,663317,Colorado Rockies,3,1,Daniel Bard,109,Arizona Diamondbacks,COL leads 1-0,Mark Melancon,[]
,Chad Kuhl,N,,Bottom,,Chase Field,2022-07-09T01:40:00Z,115,2022-07-08,15,9,Final,Colorado Rockies,Zac Gallen,Chad Kuhl,2022-07-08 - Colorado Rockies (6) @ Arizona Diamondbacks (5) (Final),R,6,Arizona Diamondbacks,663319,Colorado Rockies,5,1,Alex Colome,109,Arizona Diamondbacks,COL leads 2-0,Sean Poppen,[]
,Kyle Freeland,N,,Top,,Chase Field,2022-07-09T20:10:00Z,115,2022-07-09,15,9,Final,Colorado Rockies,Madison Bumgarner,Madison Bumgarner,2022-07-09 - Colorado Rockies (2) @ Arizona Diamondbacks (9) (Final),R,2,Arizona Diamondbacks,663310,Arizona Diamondbacks,9,1,,109,Colorado Rockies,COL leads 2-1,Kyle Freeland,[]
,German Marquez,N,,Bottom,,Chase Field,2022-07-10T20:10:00Z,115,2022-07-10,15,9,Final,Colorado Rockies,Tyler Gilbert,German Marquez,2022-07-10 - Colorado Rockies (3) @ Arizona Diamondbacks (2) (Final),R,3,Arizona Diamondbacks,663307,Colorado Rockies,2,1,Daniel Bard,109,Arizona Diamondbacks,COL wins 3-1,Keynan Middleton,[]
,Merrill Kelly,N,,Bottom,,Oracle Park,2022-07-12T01:45:00Z,109,2022-07-11,2395,9,Final,Arizona Diamondbacks,Alex Cobb,Merrill Kelly,2022-07-11 - Arizona Diamondbacks (4) @ San Francisco Giants (3) (Final),R,4,San Francisco Giants,662100,Arizona Diamondbacks,3,1,Mark Melancon,137,San Francisco Giants,AZ leads 1-0,Alex Cobb,[]
,Dallas Keuchel,N,,Top,,Oracle Park,2022-07-13T01:45:00Z,109,2022-07-12,2395,9,Final,Arizona Diamondbacks,Logan Webb,Logan Webb,2022-07-12 - Arizona Diamondbacks (0) @ San Francisco Giants (13) (Final),R,0,San Francisco Giants,662108,San Francisco Giants,13,1,,137,Arizona Diamondbacks,Series tied 1-1,Dallas Keuchel,"['MLBN (out-of-market only)', 'MLB.tv Free Game']"
,Zac Gallen,N,,Bottom,,Oracle Park,2022-07-13T19:45:00Z,109,2022-07-13,2395,9,Final,Arizona Diamondbacks,John Brebbia,Camilo Doval,2022-07-13 - Arizona Diamondbacks (3) @ San Francisco Giants (4) (Final),R,3,San Francisco Giants,662107,San Francisco Giants,4,1,,137,Arizona Diamondbacks,SF wins 2-1,Mark Melancon,[]
,Madison Bumgarner,N,,Top,,Petco Park,2022-07-16T01:40:00Z,109,2022-07-15,2680,9,Final,Arizona Diamondbacks,Yu Darvish,Yu Darvish,2022-07-15 - Arizona Diamondbacks (3) @ San Diego Padres (5) (Final),R,3,San Diego Padres,662197,San Diego Padres,5,1,Taylor Rogers,135,Arizona Diamondbacks,SD leads 1-0,Madison Bumgarner,['Apple TV+']
,Tyler Gilbert,N,,Top,,Petco Park,2022-07-17T00:40:00Z,109,2022-07-16,2680,9,Final,Arizona Diamondbacks,Sean Manaea,Sean Manaea,2022-07-16 - Arizona Diamondbacks (3) @ San Diego Padres (4) (Final),R,3,San Diego Padres,662271,San Diego Padres,4,1,Taylor Rogers,135,Arizona Diamondbacks,SD wins 2-0,Noe Ramirez,[]
,Merrill Kelly,N,,Bottom,,Petco Park,2022-07-17T20:10:00Z,109,2022-07-17,2680,9,Final,Arizona Diamondbacks,Mike Clevinger,Merrill Kelly,2022-07-17 - Arizona Diamondbacks (3) @ San Diego Padres (1) (Final),R,3,San Diego Padres,662269,Arizona Diamondbacks,1,1,Mark Melancon,135,San Diego Padres,SD wins 2-1,Mike Clevinger,[]
,Patrick Corbin,N,,Top,,Chase Field,2022-07-23T01:40:00Z,120,2022-07-22,15,9,Final,Washington Nationals,Zac Gallen,Zac Gallen,2022-07-22 - Washington Nationals (1) @ Arizona Diamondbacks (10) (Final),R,1,Arizona Diamondbacks,663306,Arizona Diamondbacks,10,1,,109,Washington Nationals,AZ leads 1-0,Patrick Corbin,['MLB.tv Free Game']
,Anibal Sanchez,N,,Top,,Chase Field,2022-07-24T00:10:00Z,120,2022-07-23,15,9,Final,Washington Nationals,Madison Bumgarner,Madison Bumgarner,2022-07-23 - Washington Nationals (2) @ Arizona Diamondbacks (7) (Final),R,2,Arizona Diamondbacks,663305,Arizona Diamondbacks,7,1,,109,Washington Nationals,AZ wins 2-0,Anibal Sanchez,['MLB.tv Free Game']
,Erick Fedde,N,,Bottom,,Chase Field,2022-07-24T20:10:00Z,120,2022-07-24,15,9,Final,Washington Nationals,Corbin Martin,Carl Edwards Jr.,2022-07-24 - Washington Nationals (4) @ Arizona Diamondbacks (3) (Final),R,4,Arizona Diamondbacks,663316,Washington Nationals,3,1,Kyle Finnegan,109,Arizona Diamondbacks,AZ wins 2-1,Joe Mantiply,['MLB.tv Free Game']
,Jakob Junis,N,,Top,,Chase Field,2022-07-26T01:40:00Z,137,2022-07-25,15,9,Final,San Francisco Giants,Merrill Kelly,Merrill Kelly,2022-07-25 - San Francisco Giants (0) @ Arizona Diamondbacks (7) (Final),R,0,Arizona Diamondbacks,663315,Arizona Diamondbacks,7,1,,109,San Francisco Giants,AZ leads 1-0,Jakob Junis,[]
,Carlos Rodon,N,,Top,,Chase Field,2022-07-27T01:40:00Z,137,2022-07-26,15,9,Final,San Francisco Giants,Tyler Gilbert,Ian Kennedy,2022-07-26 - San Francisco Giants (3) @ Arizona Diamondbacks (7) (Final),R,3,Arizona Diamondbacks,663314,Arizona Diamondbacks,7,1,,109,San Francisco Giants,AZ wins 2-0,Carlos Rodon,[]
,Logan Webb,N,,Top,,Chase Field,2022-07-27T19:40:00Z,137,2022-07-27,15,9,Final,San Francisco Giants,Zac Gallen,Noe Ramirez,2022-07-27 - San Francisco Giants (3) @ Arizona Diamondbacks (5) (Final),R,3,Arizona Diamondbacks,663294,Arizona Diamondbacks,5,1,Mark Melancon,109,San Francisco Giants,AZ wins 3-0,Logan Webb,['MLBN (out-of-market only)']
,Madison Bumgarner,N,,Top,,Truist Park,2022-07-29T23:20:00Z,109,2022-07-29,4705,9,Final,Arizona Diamondbacks,Kyle Wright,Kyle Wright,2022-07-29 - Arizona Diamondbacks (2) @ Atlanta Braves (5) (Final),R,2,Atlanta Braves,661501,Atlanta Braves,5,1,Kenley Jansen,144,Arizona Diamondbacks,ATL leads 1-0,Madison Bumgarner,[]
,Corbin Martin,N,,Top,,Truist Park,2022-07-30T23:20:00Z,109,2022-07-30,4705,9,Final,Arizona Diamondbacks,Ian Anderson,Ian Anderson,2022-07-30 - Arizona Diamondbacks (2) @ Atlanta Braves (6) (Final),R,2,Atlanta Braves,661499,Atlanta Braves,6,1,,144,Arizona Diamondbacks,ATL wins 2-0,Corbin Martin,[]
,Merrill Kelly,N,,Bottom,,Truist Park,2022-07-31T17:35:00Z,109,2022-07-31,4705,9,Final,Arizona Diamondbacks,Max Fried,Kenley Jansen,2022-07-31 - Arizona Diamondbacks (0) @ Atlanta Braves (1) (Final),R,0,Atlanta Braves,661498,Atlanta Braves,1,1,,144,Arizona Diamondbacks,ATL wins 3-0,Mark Melancon,[]
,Zach Davies,N,,Bottom,,Progressive Field,2022-08-01T23:10:00Z,109,2022-08-01,5,11,Final,Arizona Diamondbacks,Cal Quantrill,Sam Hentges,2022-08-01 - Arizona Diamondbacks (5) @ Cleveland Guardians (6) (Final),R,5,Cleveland Guardians,662947,Cleveland Guardians,6,1,,114,Arizona Diamondbacks,CLE leads 1-0,Mark Melancon,[]
,Zac Gallen,N,,Bottom,,Progressive Field,2022-08-02T23:10:00Z,109,2022-08-02,5,9,Final,Arizona Diamondbacks,Triston McKenzie,Zac Gallen,2022-08-02 - Arizona Diamondbacks (6) @ Cleveland Guardians (3) (Final),R,6,Cleveland Guardians,662941,Arizona Diamondbacks,3,1,Ian Kennedy,114,Cleveland Guardians,Series tied 1-1,Triston McKenzie,[]
,Tommy Henry,N,,Top,,Progressive Field,2022-08-03T17:10:00Z,109,2022-08-03,5,9,Final,Arizona Diamondbacks,Shane Bieber,Shane Bieber,2022-08-03 - Arizona Diamondbacks (4) @ Cleveland Guardians (7) (Final),R,4,Cleveland Guardians,662946,Cleveland Guardians,7,1,,114,Arizona Diamondbacks,CLE wins 2-1,Tommy Henry,[]
,German Marquez,N,,Top,,Chase Field,2022-08-06T01:40:00Z,115,2022-08-05,15,9,Final,Colorado Rockies,Madison Bumgarner,Chris Devenski,2022-08-05 - Colorado Rockies (5) @ Arizona Diamondbacks (6) (Final),R,5,Arizona Diamondbacks,663313,Arizona Diamondbacks,6,1,Ian Kennedy,109,Colorado Rockies,AZ leads 1-0,Alex Colome,['MLBN (out-of-market only)']
,Antonio Senzatela,N,,Bottom,,Chase Field,2022-08-07T00:10:00Z,115,2022-08-06,15,9,Final,Colorado Rockies,Merrill Kelly,Carlos Estevez,2022-08-06 - Colorado Rockies (3) @ Arizona Diamondbacks (2) (Final),R,3,Arizona Diamondbacks,663288,Colorado Rockies,2,1,Daniel Bard,109,Arizona Diamondbacks,Series tied 1-1,Ian Kennedy,[]
,Jose Urena,N,,Top,,Chase Field,2022-08-07T20:10:00Z,115,2022-08-07,15,9,Final,Colorado Rockies,Zach Davies,Chris Devenski,2022-08-07 - Colorado Rockies (4) @ Arizona Diamondbacks (6) (Final),R,4,Arizona Diamondbacks,663300,Arizona Diamondbacks,6,1,Mark Melancon,109,Colorado Rockies,AZ wins 2-1,Alex Colome,[]
,Tyler Beede,N,,Top,,Chase Field,2022-08-09T01:40:00Z,134,2022-08-08,15,9,Final,Pittsburgh Pirates,Zac Gallen,Zac Gallen,2022-08-08 - Pittsburgh Pirates (0) @ Arizona Diamondbacks (3) (Final),R,0,Arizona Diamondbacks,663304,Arizona Diamondbacks,3,1,Ian Kennedy,109,Pittsburgh Pirates,AZ leads 1-0,Manny Banuelos,[]
,Zach Thompson,N,,Top,,Chase Field,2022-08-10T01:40:00Z,134,2022-08-09,15,9,Final,Pittsburgh Pirates,Tommy Henry,Tommy Henry,2022-08-09 - Pittsburgh Pirates (4) @ Arizona Diamondbacks (6) (Final),R,4,Arizona Diamondbacks,663303,Arizona Diamondbacks,6,1,Mark Melancon,109,Pittsburgh Pirates,AZ leads 2-0,Zach Thompson,[]
,Mitch Keller,N,,Bottom,,Chase Field,2022-08-11T01:40:00Z,134,2022-08-10,15,9,Final,Pittsburgh Pirates,Madison Bumgarner,Mitch Keller,2022-08-10 - Pittsburgh Pirates (6) @ Arizona Diamondbacks (4) (Final),R,6,Arizona Diamondbacks,663302,Pittsburgh Pirates,4,1,Eric Stout,109,Arizona Diamondbacks,AZ leads 2-1,Madison Bumgarner,[]
,JT Brubaker,N,,Top,,Chase Field,2022-08-11T19:40:00Z,134,2022-08-11,15,9,Final,Pittsburgh Pirates,Merrill Kelly,Kevin Ginkel,2022-08-11 - Pittsburgh Pirates (3) @ Arizona Diamondbacks (9) (Final),R,3,Arizona Diamondbacks,663293,Arizona Diamondbacks,9,1,,109,Pittsburgh Pirates,AZ wins 3-1,Chase De Jong,[]
,Zach Davies,N,,Top,,Coors Field,2022-08-13T00:40:00Z,109,2022-08-12,19,9,Final,Arizona Diamondbacks,Antonio Senzatela,Dinelson Lamet,2022-08-12 - Arizona Diamondbacks (3) @ Colorado Rockies (5) (Final),R,3,Colorado Rockies,662978,Colorado Rockies,5,1,Carlos Estevez,115,Arizona Diamondbacks,COL leads 1-0,Chris Devenski,[]
,Zac Gallen,N,,Bottom,,Coors Field,2022-08-14T00:10:00Z,109,2022-08-13,19,9,Final,Arizona Diamondbacks,Jose Urena,Zac Gallen,2022-08-13 - Arizona Diamondbacks (6) @ Colorado Rockies (0) (Final),R,6,Colorado Rockies,662882,Arizona Diamondbacks,0,1,,115,Colorado Rockies,Series tied 1-1,Jose Urena,[]
,Tommy Henry,N,,Bottom,,Coors Field,2022-08-14T19:10:00Z,109,2022-08-14,19,9,Final,Arizona Diamondbacks,Ryan Feltner,Tommy Henry,2022-08-14 - Arizona Diamondbacks (7) @ Colorado Rockies (4) (Final),R,7,Colorado Rockies,662881,Arizona Diamondbacks,4,1,Ian Kennedy,115,Colorado Rockies,AZ wins 2-1,Ryan Feltner,[]
,Madison Bumgarner,N,,Top,,Oracle Park,2022-08-16T01:45:00Z,109,2022-08-15,2395,9,Final,Arizona Diamondbacks,Alex Cobb,Alex Cobb,2022-08-15 - Arizona Diamondbacks (1) @ San Francisco Giants (6) (Final),R,1,San Francisco Giants,662034,San Francisco Giants,6,1,,137,Arizona Diamondbacks,SF leads 1-0,Madison Bumgarner,[]
,Merrill Kelly,N,,Bottom,,Oracle Park,2022-08-17T01:45:00Z,109,2022-08-16,2395,9,Final,Arizona Diamondbacks,Jakob Junis,John Brebbia,2022-08-16 - Arizona Diamondbacks (1) @ San Francisco Giants (2) (Final),R,1,San Francisco Giants,662004,San Francisco Giants,2,1,,137,Arizona Diamondbacks,SF leads 2-0,Ian Kennedy,['MLBN (out-of-market only)']
,Zach Davies,N,,Bottom,,Oracle Park,2022-08-18T01:45:00Z,109,2022-08-17,2395,9,Final,Arizona Diamondbacks,Carlos Rodon,Noe Ramirez,2022-08-17 - Arizona Diamondbacks (3) @ San Francisco Giants (2) (Final),R,3,San Francisco Giants,662003,Arizona Diamondbacks,2,1,Mark Melancon,137,San Francisco Giants,SF leads 2-1,Dominic Leone,[]
,Zac Gallen,N,,Bottom,,Oracle Park,2022-08-18T19:45:00Z,109,2022-08-18,2395,9,Final,Arizona Diamondbacks,Logan Webb,Zac Gallen,2022-08-18 - Arizona Diamondbacks (5) @ San Francisco Giants (0) (Final),R,5,San Francisco Giants,662002,Arizona Diamondbacks,0,1,,137,San Francisco Giants,Series tied 2-2,Logan Webb,[]
,Miles Mikolas,N,,Bottom,,Chase Field,2022-08-20T01:40:00Z,138,2022-08-19,15,9,Final,St. Louis Cardinals,Tommy Henry,Miles Mikolas,2022-08-19 - St. Louis Cardinals (5) @ Arizona Diamondbacks (1) (Final),R,5,Arizona Diamondbacks,663292,St. Louis Cardinals,1,1,,109,Arizona Diamondbacks,STL leads 1-0,Tommy Henry,[]
,Dakota Hudson,N,,Bottom,,Chase Field,2022-08-21T00:10:00Z,138,2022-08-20,15,9,Final,St. Louis Cardinals,Madison Bumgarner,Genesis Cabrera,2022-08-20 - St. Louis Cardinals (16) @ Arizona Diamondbacks (7) (Final),R,16,Arizona Diamondbacks,663291,St. Louis Cardinals,7,1,,109,Arizona Diamondbacks,STL wins 2-0,Madison Bumgarner,[]
,Jose Quintana,N,,Bottom,,Chase Field,2022-08-21T20:10:00Z,138,2022-08-21,15,9,Final,St. Louis Cardinals,Merrill Kelly,Jake Woodford,2022-08-21 - St. Louis Cardinals (6) @ Arizona Diamondbacks (4) (Final),R,6,Arizona Diamondbacks,663301,St. Louis Cardinals,4,1,Giovanny Gallegos,109,Arizona Diamondbacks,STL wins 3-0,Joe Mantiply,[]
,Zach Davies,N,,Bottom,,Kauffman Stadium,2022-08-24T00:10:00Z,109,2022-08-23,7,9,Final,Arizona Diamondbacks,Jonathan Heasley,Joe Mantiply,2022-08-23 - Arizona Diamondbacks (7) @ Kansas City Royals (3) (Final),R,7,Kansas City Royals,662668,Arizona Diamondbacks,3,1,,118,Kansas City Royals,AZ leads 1-0,Josh Staumont,['MLBN (out-of-market only)']
,Zac Gallen,N,,Top,,Kauffman Stadium,2022-08-25T00:10:00Z,109,2022-08-24,7,9,Final,Arizona Diamondbacks,Brady Singer,Brady Singer,2022-08-24 - Arizona Diamondbacks (3) @ Kansas City Royals (5) (Final),R,3,Kansas City Royals,662640,Kansas City Royals,5,1,,118,Arizona Diamondbacks,Series tied 1-1,Noe Ramirez,[]
,Tommy Henry,N,,Bottom,,Guaranteed Rate Field,2022-08-27T00:10:00Z,109,2022-08-26,4,9,Final,Arizona Diamondbacks,Johnny Cueto,Tommy Henry,2022-08-26 - Arizona Diamondbacks (7) @ Chicago White Sox (2) (Final),R,7,Chicago White Sox,661445,Arizona Diamondbacks,2,1,,145,Chicago White Sox,AZ leads 1-0,Johnny Cueto,['MLB.tv Free Game']
,Merrill Kelly,N,,Bottom,,Guaranteed Rate Field,2022-08-27T23:10:00Z,109,2022-08-27,4,9,Final,Arizona Diamondbacks,Davis Martin,Merrill Kelly,2022-08-27 - Arizona Diamondbacks (10) @ Chicago White Sox (5) (Final),R,10,Chicago White Sox,661444,Arizona Diamondbacks,5,1,,145,Chicago White Sox,AZ wins 2-0,Davis Martin,[]
,Zach Davies,N,,Bottom,,Guaranteed Rate Field,2022-08-28T18:10:00Z,109,2022-08-28,4,9,Final,Arizona Diamondbacks,Dylan Cease,Noe Ramirez,2022-08-28 - Arizona Diamondbacks (3) @ Chicago White Sox (2) (Final),R,3,Chicago White Sox,661443,Arizona Diamondbacks,2,1,Ian Kennedy,145,Chicago White Sox,AZ wins 3-0,Kendall Graveman,[]
,Ranger Suarez,N,,Top,,Chase Field,2022-08-30T01:40:00Z,143,2022-08-29,15,9,Final,Philadelphia Phillies,Madison Bumgarner,Luis Frias,2022-08-29 - Philadelphia Phillies (7) @ Arizona Diamondbacks (13) (Final),R,7,Arizona Diamondbacks,663332,Arizona Diamondbacks,13,1,,109,Philadelphia Phillies,AZ leads 1-0,Cristopher Sanchez,['MLBN (out-of-market only)']
,Aaron Nola,N,,Top,,Chase Field,2022-08-31T01:40:00Z,143,2022-08-30,15,9,Final,Philadelphia Phillies,Zac Gallen,Zac Gallen,2022-08-30 - Philadelphia Phillies (3) @ Arizona Diamondbacks (12) (Final),R,3,Arizona Diamondbacks,663286,Arizona Diamondbacks,12,1,,109,Philadelphia Phillies,AZ wins 2-0,Aaron Nola,[]
,Bailey Falter,N,,Bottom,,Chase Field,2022-09-01T01:40:00Z,143,2022-08-31,15,9,Final,Philadelphia Phillies,Tommy Henry,Bailey Falter,2022-08-31 - Philadelphia Phillies (18) @ Arizona Diamondbacks (2) (Final),R,18,Arizona Diamondbacks,663312,Philadelphia Phillies,2,1,,109,Arizona Diamondbacks,AZ wins 2-1,Tommy Henry,[]
,Brandon Woodruff,N,,Top,,Chase Field,2022-09-02T01:40:00Z,158,2022-09-01,15,9,Final,Milwaukee Brewers,Merrill Kelly,Merrill Kelly,2022-09-01 - Milwaukee Brewers (0) @ Arizona Diamondbacks (5) (Final),R,0,Arizona Diamondbacks,663290,Arizona Diamondbacks,5,1,,109,Milwaukee Brewers,AZ leads 1-0,Brandon Woodruff,[]
,Eric Lauer,N,,Top,,Chase Field,2022-09-03T01:40:00Z,158,2022-09-02,15,9,Final,Milwaukee Brewers,Zach Davies,Kyle Nelson,2022-09-02 - Milwaukee Brewers (1) @ Arizona Diamondbacks (2) (Final),R,1,Arizona Diamondbacks,663285,Arizona Diamondbacks,2,1,Ian Kennedy,109,Milwaukee Brewers,AZ leads 2-0,Eric Lauer,[]
,Corbin Burnes,N,,Bottom,,Chase Field,2022-09-04T00:10:00Z,158,2022-09-03,15,10,Final,Milwaukee Brewers,Madison Bumgarner,Devin Williams,2022-09-03 - Milwaukee Brewers (8) @ Arizona Diamondbacks (6) (Final),R,8,Arizona Diamondbacks,663321,Milwaukee Brewers,6,1,Taylor Rogers,109,Arizona Diamondbacks,AZ leads 2-1,Joe Mantiply,[]
,Jason Alexander,N,,Top,,Chase Field,2022-09-04T20:10:00Z,158,2022-09-04,15,9,Final,Milwaukee Brewers,Zac Gallen,Zac Gallen,2022-09-04 - Milwaukee Brewers (1) @ Arizona Diamondbacks (5) (Final),R,1,Arizona Diamondbacks,663311,Arizona Diamondbacks,5,1,,109,Milwaukee Brewers,AZ wins 3-1,Jason Alexander,[]
,Ryne Nelson,N,,Bottom,,Petco Park,2022-09-05T22:40:00Z,109,2022-09-05,2680,9,Final,Arizona Diamondbacks,Blake Snell,Ryne Nelson,2022-09-05 - Arizona Diamondbacks (5) @ San Diego Padres (0) (Final),R,5,San Diego Padres,662211,Arizona Diamondbacks,0,1,,135,San Diego Padres,AZ leads 1-0,Blake Snell,['MLB.tv Free Game']
,Merrill Kelly,N,,Bottom,,Petco Park,2022-09-07T01:40:00Z,109,2022-09-06,2680,9,Final,Arizona Diamondbacks,Joe Musgrove,Nick Martinez,2022-09-06 - Arizona Diamondbacks (5) @ San Diego Padres (6) (Final),R,5,San Diego Padres,662205,San Diego Padres,6,1,,135,Arizona Diamondbacks,Series tied 1-1,Ian Kennedy,[]
,Tommy Henry,N,,Top,,Petco Park,2022-09-08T00:40:00Z,109,2022-09-07,2680,9,Final,Arizona Diamondbacks,Yu Darvish,Yu Darvish,2022-09-07 - Arizona Diamondbacks (3) @ San Diego Padres (6) (Final),R,3,San Diego Padres,662216,San Diego Padres,6,1,Josh Hader,135,Arizona Diamondbacks,SD wins 2-1,Tommy Henry,['FS1']
,Zach Davies,N,,Bottom,,Coors Field,2022-09-10T00:40:00Z,109,2022-09-09,19,9,Final,Arizona Diamondbacks,German Marquez,Daniel Bard,2022-09-09 - Arizona Diamondbacks (10) @ Colorado Rockies (13) (Final),R,10,Colorado Rockies,662870,Colorado Rockies,13,1,,115,Arizona Diamondbacks,COL leads 1-0,Caleb Smith,[]
,Madison Bumgarner,N,,Top,,Coors Field,2022-09-11T00:10:00Z,109,2022-09-10,19,9,Final,Arizona Diamondbacks,Jose Urena,Justin Lawrence,2022-09-10 - Arizona Diamondbacks (1) @ Colorado Rockies (4) (Final),R,1,Colorado Rockies,662869,Colorado Rockies,4,1,Daniel Bard,115,Arizona Diamondbacks,COL wins 2-0,Madison Bumgarner,[]
,Zac Gallen,N,,Bottom,,Coors Field,2022-09-11T19:10:00Z,109,2022-09-11,19,9,Final,Arizona Diamondbacks,Ryan Feltner,Zac Gallen,2022-09-11 - Arizona Diamondbacks (12) @ Colorado Rockies (6) (Final),R,12,Colorado Rockies,662868,Arizona Diamondbacks,6,1,,115,Colorado Rockies,COL wins 2-1,Ryan Feltner,[]
,Tyler Anderson,N,,Bottom,,Chase Field,2022-09-13T01:40:00Z,119,2022-09-12,15,9,Final,Los Angeles Dodgers,Ryne Nelson,Tyler Anderson,2022-09-12 - Los Angeles Dodgers (6) @ Arizona Diamondbacks (0) (Final),R,6,Arizona Diamondbacks,663324,Los Angeles Dodgers,0,1,,109,Arizona Diamondbacks,LAD leads 1-0,Kyle Nelson,['MLBN (out-of-market only)']
,Clayton Kershaw,N,,Bottom,,Chase Field,2022-09-14T01:40:00Z,119,2022-09-13,15,9,Final,Los Angeles Dodgers,Merrill Kelly,Clayton Kershaw,2022-09-13 - Los Angeles Dodgers (4) @ Arizona Diamondbacks (0) (Final),R,4,Arizona Diamondbacks,663323,Los Angeles Dodgers,0,1,,109,Arizona Diamondbacks,LAD wins 2-0,Merrill Kelly,[]
,Michael Grove,N,,Bottom,,Chase Field,2022-09-15T01:40:00Z,119,2022-09-14,15,10,Final,Los Angeles Dodgers,Zach Davies,Reyes Moronta,2022-09-14 - Los Angeles Dodgers (3) @ Arizona Diamondbacks (5) (Final),R,3,Arizona Diamondbacks,663322,Arizona Diamondbacks,5,1,,109,Los Angeles Dodgers,LAD wins 2-1,Craig Kimbrel,[]
,Sean Manaea,N,,Top,,Chase Field,2022-09-16T01:40:00Z,135,2022-09-15,15,9,Final,San Diego Padres,Drey Jameson,Drey Jameson,2022-09-15 - San Diego Padres (0) @ Arizona Diamondbacks (4) (Final),R,0,Arizona Diamondbacks,663284,Arizona Diamondbacks,4,1,,109,San Diego Padres,AZ leads 1-0,Sean Manaea,[]
,Blake Snell,N,,Bottom,,Chase Field,2022-09-17T01:40:00Z,135,2022-09-16,15,9,Final,San Diego Padres,Madison Bumgarner,Blake Snell,2022-09-16 - San Diego Padres (12) @ Arizona Diamondbacks (3) (Final),R,12,Arizona Diamondbacks,663283,San Diego Padres,3,1,,109,Arizona Diamondbacks,Series tied 1-1,Madison Bumgarner,[]
,Joe Musgrove,N,,Bottom,,Chase Field,2022-09-18T00:10:00Z,135,2022-09-17,15,9,Final,San Diego Padres,Zac Gallen,Joe Musgrove,2022-09-17 - San Diego Padres (2) @ Arizona Diamondbacks (0) (Final),R,2,Arizona Diamondbacks,663289,San Diego Padres,0,1,Josh Hader,109,Arizona Diamondbacks,SD leads 2-1,Zac Gallen,[]
,Yu Darvish,N,,Bottom,,Chase Field,2022-09-18T20:10:00Z,135,2022-09-18,15,9,Final,San Diego Padres,Ryne Nelson,Yu Darvish,2022-09-18 - San Diego Padres (6) @ Arizona Diamondbacks (1) (Final),R,6,Arizona Diamondbacks,663287,San Diego Padres,1,1,,109,Arizona Diamondbacks,SD wins 3-1,Ryne Nelson,[]
,Merrill Kelly,N,,Top,,Dodger Stadium,2022-09-20T02:10:00Z,109,2022-09-19,22,9,Final,Arizona Diamondbacks,Clayton Kershaw,Clayton Kershaw,2022-09-19 - Arizona Diamondbacks (2) @ Los Angeles Dodgers (5) (Final),R,2,Los Angeles Dodgers,662622,Los Angeles Dodgers,5,1,,119,Arizona Diamondbacks,LAD leads 1-0,Merrill Kelly,[]
,A.J. Vukovich,S,,Top,,Dodger Stadium,2022-09-20T19:10:00Z,109,2022-09-20,22,9,Final,Arizona Diamondbacks,Logan Salow,Ryan Pepiot,2022-09-20 - Arizona Diamondbacks (5) @ Los Angeles Dodgers (6) (Final),R,5,Los Angeles Dodgers,662621,Los Angeles Dodgers,6,1,Chris Martin,119,Arizona Diamondbacks,LAD leads 2-0,Kevin Ginkel,[]
,Drey Jameson,S,,Bottom,,Dodger Stadium,2022-09-21T02:10:00Z,109,2022-09-20,22,9,Final,Arizona Diamondbacks,Agustin Acosta,Drey Jameson,2022-09-20 - Arizona Diamondbacks (5) @ Los Angeles Dodgers (2) (Final),R,5,Los Angeles Dodgers,662607,Arizona Diamondbacks,2,2,Reyes Moronta,119,Los Angeles Dodgers,LAD leads 2-1,Tyler Anderson,[]
,Luis Diaz,N,,Bottom,,Dodger Stadium,2022-09-22T02:10:00Z,109,2022-09-21,22,9,Final,Arizona Diamondbacks,Dustin May,Madison Bumgarner,2022-09-21 - Arizona Diamondbacks (6) @ Los Angeles Dodgers (1) (Final),R,6,Los Angeles Dodgers,662606,Arizona Diamondbacks,1,1,,119,Los Angeles Dodgers,Series tied 2-2,Dustin May,[]
,Zac Gallen,N,,Bottom,,Dodger Stadium,2022-09-23T02:10:00Z,109,2022-09-22,22,9,Final,Arizona Diamondbacks,Julio Urias,Craig Kimbrel,2022-09-22 - Arizona Diamondbacks (2) @ Los Angeles Dodgers (3) (Final),R,2,Los Angeles Dodgers,662586,Los Angeles Dodgers,3,1,,119,Arizona Diamondbacks,LAD wins 3-2,Reyes Moronta,['MLBN (out-of-market only)']
,Carlos Rodon,N,,Bottom,,Chase Field,2022-09-24T01:40:00Z,137,2022-09-23,15,9,Final,San Francisco Giants,Tommy Henry,Alex Young,2022-09-23 - San Francisco Giants (6) @ Arizona Diamondbacks (5) (Final),R,6,Arizona Diamondbacks,663282,San Francisco Giants,5,1,Camilo Doval,109,Arizona Diamondbacks,SF leads 1-0,Caleb Smith,[]
,Alex Cobb,N,,Top,,Chase Field,2022-09-25T00:10:00Z,137,2022-09-24,15,9,Final,San Francisco Giants,Merrill Kelly,Merrill Kelly,2022-09-24 - San Francisco Giants (2) @ Arizona Diamondbacks (5) (Final),R,2,Arizona Diamondbacks,663281,Arizona Diamondbacks,5,1,Reyes Moronta,109,San Francisco Giants,Series tied 1-1,Alex Cobb,[]
,Scott Alexander,N,,Bottom,,Chase Field,2022-09-25T19:40:00Z,137,2022-09-25,15,9,Final,San Francisco Giants,Drey Jameson,Jakob Junis,2022-09-25 - San Francisco Giants (3) @ Arizona Diamondbacks (2) (Final),R,3,Arizona Diamondbacks,663280,San Francisco Giants,2,1,Camilo Doval,109,Arizona Diamondbacks,SF wins 2-1,Luis Frias,[]
,Zach Davies,N,,Top,,Minute Maid Park,2022-09-28T00:10:00Z,109,2022-09-27,2392,9,Final,Arizona Diamondbacks,Luis Garcia,Luis Garcia,2022-09-27 - Arizona Diamondbacks (2) @ Houston Astros (10) (Final),R,2,Houston Astros,662821,Houston Astros,10,1,,117,Arizona Diamondbacks,HOU leads 1-0,Zach Davies,[]
,Zac Gallen,N,,Bottom,,Minute Maid Park,2022-09-29T00:10:00Z,109,2022-09-28,2392,10,Final,Arizona Diamondbacks,Justin Verlander,Reyes Moronta,2022-09-28 - Arizona Diamondbacks (5) @ Houston Astros (2) (Final),R,5,Houston Astros,662820,Arizona Diamondbacks,2,1,Mark Melancon,117,Houston Astros,Series tied 1-1,Will Smith,[]
,Merrill Kelly,N,,Top,,Oracle Park,2022-10-01T02:15:00Z,109,2022-09-30,2395,9,Final,Arizona Diamondbacks,Alex Cobb,Alex Cobb,2022-09-30 - Arizona Diamondbacks (4) @ San Francisco Giants (10) (Final),R,4,San Francisco Giants,662049,San Francisco Giants,10,1,,137,Arizona Diamondbacks,SF leads 1-0,Merrill Kelly,[]
,Drey Jameson,N,,Bottom,,Oracle Park,2022-10-01T20:05:00Z,109,2022-10-01,2395,9,Final,Arizona Diamondbacks,Scott Alexander,Drey Jameson,2022-10-01 - Arizona Diamondbacks (8) @ San Francisco Giants (4) (Final),R,8,San Francisco Giants,662023,Arizona Diamondbacks,4,1,,137,San Francisco Giants,Series tied 1-1,Jakob Junis,[]
,Zach Davies,N,,Bottom,,Oracle Park,2022-10-02T20:05:00Z,109,2022-10-02,2395,10,Final,Arizona Diamondbacks,Scott Alexander,Jharel Cotton,2022-10-02 - Arizona Diamondbacks (3) @ San Francisco Giants (4) (Final),R,3,San Francisco Giants,662022,San Francisco Giants,4,1,,137,Arizona Diamondbacks,SF wins 2-1,Taylor Widener,[]
,Tommy Henry,N,,Bottom,,American Family Field,2022-10-03T23:40:00Z,109,2022-10-03,32,10,Final,Arizona Diamondbacks,Brandon Woodruff,Brad Boxberger,2022-10-03 - Arizona Diamondbacks (5) @ Milwaukee Brewers (6) (Final),R,5,Milwaukee Brewers,661213,Milwaukee Brewers,6,1,,158,Arizona Diamondbacks,MIL leads 1-0,Reyes Moronta,[]
,Zac Gallen,N,,Top,,American Family Field,2022-10-04T23:40:00Z,109,2022-10-04,32,9,Final,Arizona Diamondbacks,Eric Lauer,Eric Lauer,2022-10-04 - Arizona Diamondbacks (0) @ Milwaukee Brewers (3) (Final),R,0,Milwaukee Brewers,661223,Milwaukee Brewers,3,1,Peter Strzelecki,158,Arizona Diamondbacks,MIL wins 2-0,Zac Gallen,[]
,Merrill Kelly,N,,Bottom,,American Family Field,2022-10-05T20:10:00Z,109,2022-10-05,32,9,Final,Arizona Diamondbacks,Corbin Burnes,Sean Poppen,2022-10-05 - Arizona Diamondbacks (4) @ Milwaukee Brewers (2) (Final),R,4,Milwaukee Brewers,661227,Arizona Diamondbacks,2,1,Kevin Ginkel,158,Milwaukee Brewers,MIL wins 2-1,Trevor Gott,[]
