away_pitcher_note,away_probable_pitcher,doubleheader,home_pitcher_note,inning_state,venue_name,game_datetime,away_id,game_date,venue_id,current_inning,status,away_name,home_probable_pitcher,summary,winning_pitcher,game_type,away_score,home_name,game_id,winning_team,home_score,game_num,save_pitcher,home_id,losing_team,series_status,losing_pitcher,national_broadcasts
,Michael Kelly,N,,Bottom,Publix Field at Joker Marchant Stadium,2022-03-18T17:05:00Z,143,2022-03-18,2511,9,Completed Early,Philadelphia Phillies,Eduardo Rodriguez,2022-03-18 - Philadelphia Phillies @ Detroit Tigers (Completed Early),,S,6,Detroit Tigers,706967,,6,1,,116,,,,['MLB.tv Free Game']
,Casey Mize,N,,Top,LECOM Park,2022-03-19T17:05:00Z,116,2022-03-19,2526,9,Final,Detroit Tigers,Mitch Keller,2022-03-19 - Detroit Tigers (3) @ Pittsburgh Pirates (6) (Final),Mike Burrows,S,3,Pittsburgh Pirates,706859,Pittsburgh Pirates,6,1,Matt Eckelman,134,Detroit Tigers,PIT wins Spring,Garrett Hill,['MLB.tv Free Game']
,Tarik Skubal,N,,Bottom,George M. Steinbrenner Field,2022-03-20T17:05:00Z,116,2022-03-20,2523,9,Final,Detroit Tigers,Luis Severino,2022-03-20 - Detroit Tigers (8) @ New York Yankees (7) (Final),Ricardo Pinto,S,8,New York Yankees,706886,Detroit Tigers,7,1,,147,New York Yankees,DET wins Spring,Michael Gomez,['MLB.tv Free Game']
,Alek Manoah,N,,Bottom,Publix Field at Joker Marchant Stadium,2022-03-21T17:05:00Z,141,2022-03-21,2511,9,Final,Toronto Blue Jays,Matt Manning,2022-03-21 - Toronto Blue Jays (3) @ Detroit Tigers (1) (Final),Nate Pearson,S,3,Detroit Tigers,706963,Toronto Blue Jays,1,1,Jeremy Beasley,116,Detroit Tigers,TOR wins Spring,Miguel Del Pozo,['MLB.tv Free Game']
,Tyler Alexander,N,,Top,BayCare Ballpark,2022-03-22T17:05:00Z,116,2022-03-22,2700,9,Final,Detroit Tigers,Bailey Falter,2022-03-22 - Detroit Tigers (2) @ Philadelphia Phillies (7) (Final),Brad Hand,S,2,Philadelphia Phillies,706866,Philadelphia Phillies,7,1,,143,Detroit Tigers,PHI wins Spring,Drew Hutchison,['MLB.tv Free Game']
,Wil Crowe,N,,Bottom,Publix Field at Joker Marchant Stadium,2022-03-23T17:05:00Z,134,2022-03-23,2511,9,Final: Tied,Pittsburgh Pirates,Eduardo Rodriguez,2022-03-23 - Pittsburgh Pirates @ Detroit Tigers (Final: Tied),,S,6,Detroit Tigers,706964,,6,1,,116,,,,['MLB.tv Free Game']
,Clarke Schmidt,N,,End,Publix Field at Joker Marchant Stadium,2022-03-24T17:05:00Z,147,2022-03-24,2511,7,Completed Early: Rain,New York Yankees,Casey Mize,2022-03-24 - New York Yankees @ Detroit Tigers (Completed Early: Rain),,S,3,Detroit Tigers,706965,,5,1,,116,,DET wins Spring,,['MLB.tv Free Game']
,Tarik Skubal,N,,Bottom,TD Ballpark,2022-03-25T17:07:00Z,116,2022-03-25,2536,9,Final,Detroit Tigers,Hyun Jin Ryu,2022-03-25 - Detroit Tigers (8) @ Toronto Blue Jays (4) (Final),Chase Anderson,S,8,Toronto Blue Jays,706799,Detroit Tigers,4,1,Ricardo Pinto,141,Toronto Blue Jays,DET wins Spring,Julian Merryweather,[]
,Zach Eflin,N,,Top,Publix Field at Joker Marchant Stadium,2022-03-26T17:05:00Z,143,2022-03-26,2511,9,Final,Philadelphia Phillies,Matt Manning,2022-03-26 - Philadelphia Phillies (8) @ Detroit Tigers (14) (Final),Michael Fulmer,S,8,Detroit Tigers,706959,Detroit Tigers,14,1,,116,Philadelphia Phillies,DET wins Spring,Jeff Singer,[]
,Tyler Alexander,N,,Top,Ed Smith Stadium,2022-03-27T17:05:00Z,116,2022-03-27,2508,9,Final,Detroit Tigers,John Means,2022-03-27 - Detroit Tigers (4) @ Baltimore Orioles (5) (Final),Cole Sulser,S,4,Baltimore Orioles,707026,Baltimore Orioles,5,1,Bryan Baker,110,Detroit Tigers,BAL wins Spring,Bryan Garcia,[]
,Deivi Garcia,N,,Bottom,Publix Field at Joker Marchant Stadium,2022-03-28T17:05:00Z,147,2022-03-28,2511,9,Final,New York Yankees,Eduardo Rodriguez,2022-03-28 - New York Yankees (11) @ Detroit Tigers (7) (Final),Aroldis Chapman,S,11,Detroit Tigers,706960,New York Yankees,7,1,,116,Detroit Tigers,NYY wins Spring,Eduardo Rodriguez,[]
,Tarik Skubal,N,,Bottom,BayCare Ballpark,2022-03-30T17:05:00Z,116,2022-03-30,2700,9,Final,Detroit Tigers,Kyle Gibson,2022-03-30 - Detroit Tigers (7) @ Philadelphia Phillies (1) (Final),Tarik Skubal,S,7,Philadelphia Phillies,706868,Detroit Tigers,1,1,,143,Philadelphia Phillies,DET wins Spring,Kyle Gibson,[]
,Matt Manning,N,,Top,TD Ballpark,2022-03-31T17:07:00Z,116,2022-03-31,2536,9,Final,Detroit Tigers,Alek Manoah,2022-03-31 - Detroit Tigers (3) @ Toronto Blue Jays (5) (Final),Alek Manoah,S,3,Toronto Blue Jays,706795,Toronto Blue Jays,5,1,Joe Biagini,141,Detroit Tigers,TOR wins Spring,Matt Manning,[]
,Gerrit Cole,N,,Bottom,Publix Field at Joker Marchant Stadium,2022-04-01T17:05:00Z,147,2022-04-01,2511,9,Final,New York Yankees,Tyler Alexander,2022-04-01 - New York Yankees (6) @ Detroit Tigers (2) (Final),Chad Green,S,6,Detroit Tigers,706961,New York Yankees,2,1,,116,Detroit Tigers,NYY wins Spring,Jason Foley,[]
,John Means,N,,Top,Publix Field at Joker Marchant Stadium,2022-04-02T17:05:00Z,110,2022-04-02,2511,6,Completed Early: Rain,Baltimore Orioles,Eduardo Rodriguez,2022-04-02 - Baltimore Orioles @ Detroit Tigers (Completed Early: Rain),,S,2,Detroit Tigers,706962,,0,1,,116,,BAL wins Spring,,[]
,Casey Mize,N,,Top,BayCare Ballpark,2022-04-03T17:05:00Z,116,2022-04-03,2700,9,Final,Detroit Tigers,Aaron Nola,2022-04-03 - Detroit Tigers (7) @ Philadelphia Phillies (8) (Final),Jonathan Hennigan,S,7,Philadelphia Phillies,706865,Philadelphia Phillies,8,1,Michael Kelly,143,Detroit Tigers,PHI wins Spring,Jose Cisnero,[]
,Kevin Gausman,N,,Top,Publix Field at Joker Marchant Stadium,2022-04-04T17:05:00Z,141,2022-04-04,2511,9,Final,Toronto Blue Jays,Tarik Skubal,2022-04-04 - Toronto Blue Jays (2) @ Detroit Tigers (4) (Final),Drew Hutchison,S,2,Detroit Tigers,706957,Detroit Tigers,4,1,,116,Toronto Blue Jays,DET wins Spring,Matt Gage,[]
,Matt Manning,N,,Bottom,George M. Steinbrenner Field,2022-04-05T17:05:00Z,116,2022-04-05,2523,9,Final,Detroit Tigers,Manny Banuelos,2022-04-05 - Detroit Tigers (5) @ New York Yankees (3) (Final),Matt Manning,S,5,New York Yankees,706883,Detroit Tigers,3,1,Aaron Haase,147,New York Yankees,DET wins Spring,Manny Banuelos,[]
,Keegan Akin,N,,,Publix Field at Joker Marchant Stadium,2022-04-06T17:05:00Z,110,2022-04-06,2511,,Cancelled,Baltimore Orioles,Tyler Alexander,2022-04-06 - Baltimore Orioles @ Detroit Tigers (Cancelled),,S,0,Detroit Tigers,707079,,0,1,,116,,,,[]
,Lucas Giolito,N,,Bottom,Comerica Park,2022-04-08T17:10:00Z,145,2022-04-08,2394,9,Final,Chicago White Sox,Eduardo Rodriguez,2022-04-08 - Chicago White Sox (4) @ Detroit Tigers (5) (Final),Gregory Soto,R,4,Detroit Tigers,662888,Detroit Tigers,5,1,,116,Chicago White Sox,DET leads 1-0,Liam Hendriks,[]
,Dylan Cease,N,,Bottom,Comerica Park,2022-04-09T17:10:00Z,145,2022-04-09,2394,9,Final,Chicago White Sox,Casey Mize,2022-04-09 - Chicago White Sox (5) @ Detroit Tigers (2) (Final),Dylan Cease,R,5,Detroit Tigers,662864,Chicago White Sox,2,1,Aaron Bummer,116,Detroit Tigers,Series tied 1-1,Casey Mize,['MLBN (out-of-market only)']
,Michael Kopech,N,,Bottom,Comerica Park,2022-04-10T17:10:00Z,145,2022-04-10,2394,9,Final,Chicago White Sox,Tarik Skubal,2022-04-10 - Chicago White Sox (10) @ Detroit Tigers (1) (Final),Kyle Crick,R,10,Detroit Tigers,662887,Chicago White Sox,1,1,,116,Detroit Tigers,CWS wins 2-1,Tarik Skubal,[]
,Michael Wacha,N,,Top,Comerica Park,2022-04-11T21:10:00Z,111,2022-04-11,2394,9,Final,Boston Red Sox,Matt Manning,2022-04-11 - Boston Red Sox (1) @ Detroit Tigers (3) (Final),Michael Fulmer,R,1,Detroit Tigers,662863,Detroit Tigers,3,1,Gregory Soto,116,Boston Red Sox,DET leads 1-0,Austin Davis,[]
,Rich Hill,N,,Bottom,Comerica Park,2022-04-12T17:10:00Z,111,2022-04-12,2394,9,Final,Boston Red Sox,Tyler Alexander,2022-04-12 - Boston Red Sox (5) @ Detroit Tigers (3) (Final),Garrett Whitlock,R,5,Detroit Tigers,662862,Boston Red Sox,3,1,,116,Detroit Tigers,Series tied 1-1,Alex Lange,['MLB.tv Free Game']
,Nathan Eovaldi,N,,Bottom,Comerica Park,2022-04-13T17:10:00Z,111,2022-04-13,2394,9,Final,Boston Red Sox,Eduardo Rodriguez,2022-04-13 - Boston Red Sox (9) @ Detroit Tigers (7) (Final),Nathan Eovaldi,R,9,Detroit Tigers,662885,Boston Red Sox,7,1,Hansel Robles,116,Detroit Tigers,BOS wins 2-1,Eduardo Rodriguez,[]
,Casey Mize,N,,Bottom,Kauffman Stadium,2022-04-15T00:10:00Z,116,2022-04-14,7,9,Final,Detroit Tigers,Zack Greinke,2022-04-14 - Detroit Tigers (4) @ Kansas City Royals (2) (Final),Joe Jimenez,R,4,Kansas City Royals,662702,Detroit Tigers,2,1,Gregory Soto,118,Kansas City Royals,DET leads 1-0,Jake Brentz,[]
,Tarik Skubal,N,,Bottom,Kauffman Stadium,2022-04-16T00:10:00Z,116,2022-04-15,7,9,Final,Detroit Tigers,Brad Keller,2022-04-15 - Detroit Tigers (2) @ Kansas City Royals (1) (Final),Jacob Barnes,R,2,Kansas City Royals,662701,Detroit Tigers,1,1,Michael Fulmer,118,Kansas City Royals,DET wins 2-0,Brad Keller,[]
,Matt Manning,N,,Top,Kauffman Stadium,2022-04-16T20:10:00Z,116,2022-04-16,7,9,Final,Detroit Tigers,Kris Bubic,2022-04-16 - Detroit Tigers (1) @ Kansas City Royals (3) (Final),Collin Snider,R,1,Kansas City Royals,662798,Kansas City Royals,3,1,Josh Staumont,118,Detroit Tigers,DET wins 2-1,Will Vest,[]
,Tyler Alexander,N,,,Kauffman Stadium,2022-04-17T18:10:00Z,116,2022-04-17,7,,Postponed,Detroit Tigers,Carlos Hernandez,2022-04-17 - Detroit Tigers @ Kansas City Royals (Postponed),,R,0,Kansas City Royals,662700,,0,1,,118,,KC leads 1-0,,['MLBN (out-of-market only)']
,Gerrit Cole,N,,Bottom,Comerica Park,2022-04-19T22:40:00Z,147,2022-04-19,2394,9,Final,New York Yankees,Tyler Alexander,2022-04-19 - New York Yankees (4) @ Detroit Tigers (2) (Final),Clarke Schmidt,R,4,Detroit Tigers,662896,New York Yankees,2,1,Aroldis Chapman,116,Detroit Tigers,NYY leads 1-0,Tyler Alexander,['MLB.tv Free Game']
,Luis Severino,N,,Bottom,Comerica Park,2022-04-20T22:40:00Z,147,2022-04-20,2394,9,Final,New York Yankees,Eduardo Rodriguez,2022-04-20 - New York Yankees (5) @ Detroit Tigers (3) (Final),Chad Green,R,5,Detroit Tigers,662861,New York Yankees,3,1,Aroldis Chapman,116,Detroit Tigers,NYY wins 2-0,Drew Hutchison,[]
,Jordan Montgomery,N,,Top,Comerica Park,2022-04-21T17:10:00Z,147,2022-04-21,2394,9,Final,New York Yankees,Michael Pineda,2022-04-21 - New York Yankees (0) @ Detroit Tigers (3) (Final),Michael Pineda,R,0,Detroit Tigers,662850,Detroit Tigers,3,1,Gregory Soto,116,New York Yankees,NYY wins 2-1,Jordan Montgomery,['MLBN (out-of-market only)']
,Antonio Senzatela,N,,,Comerica Park,2022-04-22T23:10:00Z,115,2022-04-22,2394,,Postponed,Colorado Rockies,Tarik Skubal,2022-04-22 - Colorado Rockies @ Detroit Tigers (Postponed),,R,0,Detroit Tigers,662849,,0,1,,116,,Series tied 1-1,,[]
,Antonio Senzatela,S,,Top,Comerica Park,2022-04-23T17:10:00Z,115,2022-04-23,2394,9,Final,Colorado Rockies,Tarik Skubal,2022-04-23 - Colorado Rockies (0) @ Detroit Tigers (13) (Final),Tarik Skubal,R,0,Detroit Tigers,662848,Detroit Tigers,13,1,,116,Colorado Rockies,DET leads 1-0,Antonio Senzatela,['ESPN+']
,Austin Gomber,S,,Bottom,Comerica Park,2022-04-23T22:40:00Z,115,2022-04-23,2394,9,Final,Colorado Rockies,Beau Brieske,2022-04-23 - Colorado Rockies (3) @ Detroit Tigers (2) (Final),Austin Gomber,R,3,Detroit Tigers,662849,Colorado Rockies,2,2,Alex Colome,116,Detroit Tigers,Series tied 1-1,Beau Brieske,[]
,Chad Kuhl,N,,Bottom,Comerica Park,2022-04-24T17:10:00Z,115,2022-04-24,2394,9,Final,Colorado Rockies,Tyler Alexander,2022-04-24 - Colorado Rockies (6) @ Detroit Tigers (2) (Final),Chad Kuhl,R,6,Detroit Tigers,662853,Colorado Rockies,2,1,,116,Detroit Tigers,COL wins 2-1,Tyler Alexander,[]
,Eduardo Rodriguez,N,,Bottom,Target Field,2022-04-26T23:40:00Z,116,2022-04-26,3312,9,Final,Detroit Tigers,Chris Paddack,2022-04-26 - Detroit Tigers (4) @ Minnesota Twins (5) (Final),Griffin Jax,R,4,Minnesota Twins,661733,Minnesota Twins,5,1,,142,Detroit Tigers,MIN leads 1-0,Gregory Soto,[]
,Michael Pineda,N,,Top,Target Field,2022-04-27T23:40:00Z,116,2022-04-27,3312,9,Final,Detroit Tigers,Joe Ryan,2022-04-27 - Detroit Tigers (0) @ Minnesota Twins (5) (Final),Joe Ryan,R,0,Minnesota Twins,661739,Minnesota Twins,5,1,,142,Detroit Tigers,MIN wins 2-0,Michael Pineda,[]
,Tarik Skubal,N,,Top,Target Field,2022-04-28T17:10:00Z,116,2022-04-28,3312,9,Final,Detroit Tigers,Bailey Ober,2022-04-28 - Detroit Tigers (1) @ Minnesota Twins (7) (Final),Cody Stashak,R,1,Minnesota Twins,661729,Minnesota Twins,7,1,Griffin Jax,142,Detroit Tigers,MIN wins 3-0,Tarik Skubal,[]
,Tyler Alexander,N,,Top,Dodger Stadium,2022-04-30T02:10:00Z,116,2022-04-29,22,9,Final,Detroit Tigers,Tyler Anderson,2022-04-29 - Detroit Tigers (1) @ Los Angeles Dodgers (5) (Final),Tyler Anderson,R,1,Los Angeles Dodgers,662699,Los Angeles Dodgers,5,1,,119,Detroit Tigers,LAD leads 1-0,Tyler Alexander,[]
,Beau Brieske,N,,Bottom,Dodger Stadium,2022-05-01T02:10:00Z,116,2022-04-30,22,9,Final,Detroit Tigers,Clayton Kershaw,2022-04-30 - Detroit Tigers (5) @ Los Angeles Dodgers (1) (Final),Jacob Barnes,R,5,Los Angeles Dodgers,662698,Detroit Tigers,1,1,,119,Los Angeles Dodgers,Series tied 1-1,Evan Phillips,['MLBN (out-of-market only)']
,Eduardo Rodriguez,N,,Top,Dodger Stadium,2022-05-01T20:10:00Z,116,2022-05-01,22,9,Final,Detroit Tigers,Walker Buehler,2022-05-01 - Detroit Tigers (3) @ Los Angeles Dodgers (6) (Final),Walker Buehler,R,3,Los Angeles Dodgers,662716,Los Angeles Dodgers,6,1,Craig Kimbrel,119,Detroit Tigers,LAD wins 2-1,Eduardo Rodriguez,[]
,Bryse Wilson,N,,,Comerica Park,2022-05-03T23:10:00Z,134,2022-05-03,2394,,Postponed,Pittsburgh Pirates,Michael Pineda,2022-05-03 - Pittsburgh Pirates @ Detroit Tigers (Postponed),,R,0,Detroit Tigers,662839,,0,1,,116,,Series tied 1-1,,[]
,Dillon Peters,Y,,Top,Comerica Park,2022-05-04T17:10:00Z,134,2022-05-04,2394,9,Final,Pittsburgh Pirates,Michael Pineda,2022-05-04 - Pittsburgh Pirates (2) @ Detroit Tigers (3) (Final),Jacob Barnes,R,2,Detroit Tigers,662838,Detroit Tigers,3,1,Gregory Soto,116,Pittsburgh Pirates,DET leads 1-0,Bryse Wilson,[]
,Jose Quintana,Y,,Bottom,Comerica Park,2022-05-04T17:15:00Z,134,2022-05-04,2394,9,Final,Pittsburgh Pirates,Alex Faedo,2022-05-04 - Pittsburgh Pirates (7) @ Detroit Tigers (2) (Final),Zach Thompson,R,7,Detroit Tigers,662839,Pittsburgh Pirates,2,2,David Bednar,116,Detroit Tigers,Series tied 1-1,Drew Hutchison,[]
,Tarik Skubal,N,,Bottom,Minute Maid Park,2022-05-06T00:10:00Z,116,2022-05-05,2392,9,Final,Detroit Tigers,Jose Urquidy,2022-05-05 - Detroit Tigers (2) @ Houston Astros (3) (Final),Ryan Pressly,R,2,Houston Astros,662816,Houston Astros,3,1,,117,Detroit Tigers,HOU leads 1-0,Gregory Soto,[]
,Beau Brieske,N,,Top,Minute Maid Park,2022-05-07T00:10:00Z,116,2022-05-06,2392,9,Final,Detroit Tigers,Luis Garcia,2022-05-06 - Detroit Tigers (2) @ Houston Astros (3) (Final),Luis Garcia,R,2,Houston Astros,662815,Houston Astros,3,1,Rafael Montero,117,Detroit Tigers,HOU leads 2-0,Beau Brieske,['MLB.tv Free Game']
,Eduardo Rodriguez,N,,Top,Minute Maid Park,2022-05-07T20:05:00Z,116,2022-05-07,2392,9,Final,Detroit Tigers,Framber Valdez,2022-05-07 - Detroit Tigers (2) @ Houston Astros (3) (Final),Bryan Abreu,R,2,Houston Astros,662796,Houston Astros,3,1,Ryan Pressly,117,Detroit Tigers,HOU wins 3-0,Michael Fulmer,"['FS1', 'MLB.tv Free Game']"
,Wily Peralta,N,,Top,Minute Maid Park,2022-05-08T18:10:00Z,116,2022-05-08,2392,9,Final,Detroit Tigers,Jake Odorizzi,2022-05-08 - Detroit Tigers (0) @ Houston Astros (5) (Final),Jake Odorizzi,R,0,Houston Astros,662795,Houston Astros,5,1,,117,Detroit Tigers,HOU wins 4-0,Drew Hutchison,"['MLBN (out-of-market only)', 'MLB.tv Free Game']"
,Paul Blackburn,N,,Bottom,Comerica Park,2022-05-09T23:10:00Z,133,2022-05-09,2394,9,Final,Oakland Athletics,Michael Pineda,2022-05-09 - Oakland Athletics (2) @ Detroit Tigers (0) (Final),Paul Blackburn,R,2,Detroit Tigers,662837,Oakland Athletics,0,1,Dany Jimenez,116,Detroit Tigers,OAK leads 1-0,Michael Pineda,[]
,Tarik Skubal,Y,,Bottom,Comerica Park,2022-05-10T17:10:00Z,116,2022-05-10,2394,9,Final,Detroit Tigers,Frankie Montas,2022-05-10 - Detroit Tigers (6) @ Oakland Athletics (0) (Final),Tarik Skubal,R,6,Oakland Athletics,662412,Detroit Tigers,0,1,,133,Oakland Athletics,Series tied 1-1,Frankie Montas,['MLBN (out-of-market only)']
,Adrian Martinez,Y,,Bottom,Comerica Park,2022-05-10T17:15:00Z,133,2022-05-10,2394,9,Final,Oakland Athletics,Alex Faedo,2022-05-10 - Oakland Athletics (4) @ Detroit Tigers (1) (Final),Adrian Martinez,R,4,Detroit Tigers,662855,Oakland Athletics,1,2,,116,Detroit Tigers,OAK leads 2-1,Alex Faedo,[]
,Zach Logue,N,,Bottom,Comerica Park,2022-05-11T23:10:00Z,133,2022-05-11,2394,9,Final,Oakland Athletics,Joey Wentz,2022-05-11 - Oakland Athletics (9) @ Detroit Tigers (0) (Final),Zach Logue,R,9,Detroit Tigers,662873,Oakland Athletics,0,1,,116,Detroit Tigers,OAK wins 3-1,Joey Wentz,[]
,James Kaprielian,N,,Bottom,Comerica Park,2022-05-12T17:10:00Z,133,2022-05-12,2394,9,Final,Oakland Athletics,Beau Brieske,2022-05-12 - Oakland Athletics (5) @ Detroit Tigers (3) (Final),A.J. Puk,R,5,Detroit Tigers,662872,Oakland Athletics,3,1,Dany Jimenez,116,Detroit Tigers,OAK wins 4-1,Michael Fulmer,[]
,Jordan Lyles,N,,Top,Comerica Park,2022-05-13T23:10:00Z,110,2022-05-13,2394,9,Final,Baltimore Orioles,Eduardo Rodriguez,2022-05-13 - Baltimore Orioles (2) @ Detroit Tigers (4) (Final),Eduardo Rodriguez,R,2,Detroit Tigers,662851,Detroit Tigers,4,1,Will Vest,116,Baltimore Orioles,DET leads 1-0,Jordan Lyles,[]
,Bruce Zimmermann,N,,Top,Comerica Park,2022-05-14T20:10:00Z,110,2022-05-14,2394,9,Final,Baltimore Orioles,Michael Pineda,2022-05-14 - Baltimore Orioles (0) @ Detroit Tigers (3) (Final),Wily Peralta,R,0,Detroit Tigers,662844,Detroit Tigers,3,1,Gregory Soto,116,Baltimore Orioles,DET wins 2-0,Bruce Zimmermann,[]
,Tyler Wells,N,,Top,Comerica Park,2022-05-15T17:40:00Z,110,2022-05-15,2394,9,Final,Baltimore Orioles,Tarik Skubal,2022-05-15 - Baltimore Orioles (1) @ Detroit Tigers (5) (Final),Tarik Skubal,R,1,Detroit Tigers,662843,Detroit Tigers,5,1,,116,Baltimore Orioles,DET wins 3-0,Tyler Wells,[]
,Alex Faedo,N,,Bottom,Tropicana Field,2022-05-16T22:40:00Z,116,2022-05-16,12,9,Final,Detroit Tigers,Corey Kluber,2022-05-16 - Detroit Tigers (3) @ Tampa Bay Rays (2) (Final),Michael Fulmer,R,3,Tampa Bay Rays,661961,Detroit Tigers,2,1,Gregory Soto,139,Tampa Bay Rays,DET leads 1-0,Andrew Kittredge,[]
,Beau Brieske,N,,Top,Tropicana Field,2022-05-17T22:40:00Z,116,2022-05-17,12,9,Final,Detroit Tigers,Shane McClanahan,2022-05-17 - Detroit Tigers (1) @ Tampa Bay Rays (8) (Final),Shane McClanahan,R,1,Tampa Bay Rays,662053,Tampa Bay Rays,8,1,,139,Detroit Tigers,Series tied 1-1,Beau Brieske,[]
,Eduardo Rodriguez,N,,Top,Tropicana Field,2022-05-18T17:10:00Z,116,2022-05-18,12,9,Final,Detroit Tigers,Drew Rasmussen,2022-05-18 - Detroit Tigers (1) @ Tampa Bay Rays (6) (Final),Drew Rasmussen,R,1,Tampa Bay Rays,662054,Tampa Bay Rays,6,1,,139,Detroit Tigers,TB wins 2-1,Eduardo Rodriguez,['MLB.tv Free Game']
,Tarik Skubal,N,,Top,Progressive Field,2022-05-20T23:10:00Z,116,2022-05-20,5,9,Final,Detroit Tigers,Aaron Civale,2022-05-20 - Detroit Tigers (1) @ Cleveland Guardians (6) (Final),Aaron Civale,R,1,Cleveland Guardians,663135,Cleveland Guardians,6,1,,114,Detroit Tigers,CLE leads 1-0,Jacob Barnes,[]
,Alex Faedo,N,,,Progressive Field,2022-05-21T22:10:00Z,116,2022-05-21,5,,Postponed,Detroit Tigers,Shane Bieber,2022-05-21 - Detroit Tigers @ Cleveland Guardians (Postponed),,R,0,Cleveland Guardians,663123,,0,1,,114,,CLE leads 1-0,,[]
,Alex Faedo,N,,Bottom,Progressive Field,2022-05-22T17:40:00Z,116,2022-05-22,5,9,Final,Detroit Tigers,Shane Bieber,2022-05-22 - Detroit Tigers (4) @ Cleveland Guardians (2) (Final),Alex Faedo,R,4,Cleveland Guardians,663120,Detroit Tigers,2,1,Gregory Soto,114,Cleveland Guardians,Series tied 1-1,Shane Bieber,[]
,Elvin Rodriguez,N,,Bottom,Target Field,2022-05-23T23:40:00Z,116,2022-05-23,3312,9,Final,Detroit Tigers,Chris Archer,2022-05-23 - Detroit Tigers (4) @ Minnesota Twins (5) (Final),Emilio Pagan,R,4,Minnesota Twins,661730,Minnesota Twins,5,1,,142,Detroit Tigers,MIN leads 1-0,Andrew Chafin,[]
,Beau Brieske,N,,Top,Target Field,2022-05-24T23:40:00Z,116,2022-05-24,3312,9,Final,Detroit Tigers,Sonny Gray,2022-05-24 - Detroit Tigers (0) @ Minnesota Twins (2) (Final),Sonny Gray,R,0,Minnesota Twins,661699,Minnesota Twins,2,1,Jhoan Duran,142,Detroit Tigers,MIN wins 2-0,Beau Brieske,[]
,Rony Garcia,N,,Bottom,Target Field,2022-05-25T17:10:00Z,116,2022-05-25,3312,10,Final,Detroit Tigers,Dylan Bundy,2022-05-25 - Detroit Tigers (4) @ Minnesota Twins (2) (Final),Alex Lange,R,4,Minnesota Twins,661772,Detroit Tigers,2,1,Andrew Chafin,142,Minnesota Twins,MIN wins 2-1,Trevor Megill,['YouTube']
,Konnor Pilkington,N,,Bottom,Comerica Park,2022-05-26T23:10:00Z,114,2022-05-26,2394,9,Final,Cleveland Guardians,Tarik Skubal,2022-05-26 - Cleveland Guardians (3) @ Detroit Tigers (4) (Final),Gregory Soto,R,3,Detroit Tigers,662842,Detroit Tigers,4,1,,116,Cleveland Guardians,DET leads 1-0,Trevor Stephan,[]
,Shane Bieber,N,,,Comerica Park,2022-05-27T23:10:00Z,114,2022-05-27,2394,,Postponed,Cleveland Guardians,Alex Faedo,2022-05-27 - Cleveland Guardians @ Detroit Tigers (Postponed),,R,0,Detroit Tigers,662841,,0,1,,116,,DET leads 2-0,,[]
,Shane Bieber,N,,Bottom,Comerica Park,2022-05-28T20:10:00Z,114,2022-05-28,2394,9,Final,Cleveland Guardians,Alex Faedo,2022-05-28 - Cleveland Guardians (8) @ Detroit Tigers (1) (Final),Shane Bieber,R,8,Detroit Tigers,662852,Cleveland Guardians,1,1,,116,Detroit Tigers,Series tied 1-1,Alex Faedo,['FS1']
,Triston McKenzie,N,,Top,Comerica Park,2022-05-29T17:40:00Z,114,2022-05-29,2394,9,Final,Cleveland Guardians,Elvin Rodriguez,2022-05-29 - Cleveland Guardians (1) @ Detroit Tigers (2) (Final),Alex Lange,R,1,Detroit Tigers,662840,Detroit Tigers,2,1,Gregory Soto,116,Cleveland Guardians,DET wins 2-1,Triston McKenzie,[]
,Dylan Bundy,N,,Top,Comerica Park,2022-05-30T17:10:00Z,142,2022-05-30,2394,9,Final,Minnesota Twins,Beau Brieske,2022-05-30 - Minnesota Twins (5) @ Detroit Tigers (7) (Final),Joe Jimenez,R,5,Detroit Tigers,662854,Detroit Tigers,7,1,Gregory Soto,116,Minnesota Twins,DET leads 1-0,Joe Smith,[]
,Devin Smeltzer,S,,Bottom,Comerica Park,2022-05-31T17:10:00Z,142,2022-05-31,2394,9,Final,Minnesota Twins,Rony Garcia,2022-05-31 - Minnesota Twins (8) @ Detroit Tigers (2) (Final),Devin Smeltzer,R,8,Detroit Tigers,662806,Minnesota Twins,2,1,,116,Detroit Tigers,Series tied 1-1,Rony Garcia,[]
,Cole Sands,S,,Top,Comerica Park,2022-05-31T23:10:00Z,142,2022-05-31,2394,9,Final,Minnesota Twins,Joey Wentz,2022-05-31 - Minnesota Twins (0) @ Detroit Tigers (4) (Final),Wily Peralta,R,0,Detroit Tigers,662836,Detroit Tigers,4,2,,116,Minnesota Twins,DET leads 2-1,Cole Sands,[]
,Bailey Ober,N,,Top,Comerica Park,2022-06-01T23:10:00Z,142,2022-06-01,2394,9,Final,Minnesota Twins,Tarik Skubal,2022-06-01 - Minnesota Twins (0) @ Detroit Tigers (5) (Final),Tarik Skubal,R,0,Detroit Tigers,662833,Detroit Tigers,5,1,,116,Minnesota Twins,DET wins 3-1,Bailey Ober,[]
,Chris Archer,N,,Top,Comerica Park,2022-06-02T17:10:00Z,142,2022-06-02,2394,9,Final,Minnesota Twins,Alex Faedo,2022-06-02 - Minnesota Twins (2) @ Detroit Tigers (3) (Final),Alex Lange,R,2,Detroit Tigers,662832,Detroit Tigers,3,1,Gregory Soto,116,Minnesota Twins,DET wins 4-1,Emilio Pagan,['MLBN (out-of-market only)']
,Elvin Rodriguez,N,,Top,Yankee Stadium,2022-06-03T23:05:00Z,116,2022-06-03,3313,9,Final,Detroit Tigers,Gerrit Cole,2022-06-03 - Detroit Tigers (0) @ New York Yankees (13) (Final),Gerrit Cole,R,0,New York Yankees,661318,New York Yankees,13,1,,147,Detroit Tigers,NYY leads 1-0,Elvin Rodriguez,['Apple TV+']
,Beau Brieske,N,,Top,Yankee Stadium,2022-06-04T17:05:00Z,116,2022-06-04,3313,9,Final,Detroit Tigers,Luis Severino,2022-06-04 - Detroit Tigers (0) @ New York Yankees (3) (Final),Luis Severino,R,0,New York Yankees,661278,New York Yankees,3,1,Clay Holmes,147,Detroit Tigers,NYY wins 2-0,Beau Brieske,['MLBN (out-of-market only)']
,Rony Garcia,N,,Bottom,Yankee Stadium,2022-06-05T15:35:00Z,116,2022-06-05,3313,10,Final,Detroit Tigers,Jordan Montgomery,2022-06-05 - Detroit Tigers (4) @ New York Yankees (5) (Final),Michael King,R,4,New York Yankees,661277,New York Yankees,5,1,,147,Detroit Tigers,NYY wins 3-0,Gregory Soto,['Peacock']
,Wily Peralta,N,,Bottom,PNC Park,2022-06-07T23:05:00Z,116,2022-06-07,31,9,Final,Detroit Tigers,Jose Quintana,2022-06-07 - Detroit Tigers (5) @ Pittsburgh Pirates (3) (Final),Tarik Skubal,R,5,Pittsburgh Pirates,662449,Detroit Tigers,3,1,Gregory Soto,134,Pittsburgh Pirates,DET leads 1-0,Jose Quintana,[]
,Alex Faedo,N,,Bottom,PNC Park,2022-06-08T16:35:00Z,116,2022-06-08,31,9,Final,Detroit Tigers,Mitch Keller,2022-06-08 - Detroit Tigers (3) @ Pittsburgh Pirates (1) (Final),Will Vest,R,3,Pittsburgh Pirates,662448,Detroit Tigers,1,1,Gregory Soto,134,Pittsburgh Pirates,DET wins 2-0,Wil Crowe,['MLBN (out-of-market only)']
,Jose Berrios,N,,Bottom,Comerica Park,2022-06-10T23:10:00Z,141,2022-06-10,2394,9,Final,Toronto Blue Jays,Elvin Rodriguez,2022-06-10 - Toronto Blue Jays (10) @ Detroit Tigers (1) (Final),Jose Berrios,R,10,Detroit Tigers,662831,Toronto Blue Jays,1,1,,116,Detroit Tigers,TOR leads 1-0,Elvin Rodriguez,[]
,Kevin Gausman,N,,Top,Comerica Park,2022-06-11T20:10:00Z,141,2022-06-11,2394,9,Final,Toronto Blue Jays,Beau Brieske,2022-06-11 - Toronto Blue Jays (1) @ Detroit Tigers (3) (Final),Beau Brieske,R,1,Detroit Tigers,662830,Detroit Tigers,3,1,Gregory Soto,116,Toronto Blue Jays,Series tied 1-1,Kevin Gausman,[]
,Ross Stripling,N,,Bottom,Comerica Park,2022-06-12T17:40:00Z,141,2022-06-12,2394,9,Final,Toronto Blue Jays,Tarik Skubal,2022-06-12 - Toronto Blue Jays (6) @ Detroit Tigers (0) (Final),Ross Stripling,R,6,Detroit Tigers,662829,Toronto Blue Jays,0,1,,116,Detroit Tigers,TOR wins 2-1,Tarik Skubal,"['MLBN (out-of-market only)', 'MLB.tv Free Game']"
,Lance Lynn,N,,Bottom,Comerica Park,2022-06-13T23:10:00Z,145,2022-06-13,2394,9,Final,Chicago White Sox,Rony Garcia,2022-06-13 - Chicago White Sox (9) @ Detroit Tigers (5) (Final),Bennett Sousa,R,9,Detroit Tigers,662828,Chicago White Sox,5,1,,116,Detroit Tigers,CWS leads 1-0,Rony Garcia,['MLB.tv Free Game']
,Dylan Cease,N,,Bottom,Comerica Park,2022-06-14T23:10:00Z,145,2022-06-14,2394,9,Final,Chicago White Sox,Drew Hutchison,2022-06-14 - Chicago White Sox (5) @ Detroit Tigers (1) (Final),Dylan Cease,R,5,Detroit Tigers,662884,Chicago White Sox,1,1,,116,Detroit Tigers,CWS wins 2-0,Drew Hutchison,['MLBN (out-of-market only)']
,Vince Velasquez,N,,Bottom,Comerica Park,2022-06-15T17:10:00Z,145,2022-06-15,2394,9,Final,Chicago White Sox,Alex Faedo,2022-06-15 - Chicago White Sox (13) @ Detroit Tigers (0) (Final),Davis Martin,R,13,Detroit Tigers,662883,Chicago White Sox,0,1,,116,Detroit Tigers,CWS wins 3-0,Alex Faedo,['MLBN (out-of-market only)']
,Martin Perez,N,,Bottom,Comerica Park,2022-06-16T23:10:00Z,140,2022-06-16,2394,9,Final,Texas Rangers,Beau Brieske,2022-06-16 - Texas Rangers (3) @ Detroit Tigers (1) (Final),Dennis Santana,R,3,Detroit Tigers,662827,Texas Rangers,1,1,Joe Barlow,116,Detroit Tigers,TEX leads 1-0,Gregory Soto,"['MLBN (out-of-market only)', 'MLB.tv Free Game']"
,Jon Gray,N,,Bottom,Comerica Park,2022-06-17T23:10:00Z,140,2022-06-17,2394,9,Final,Texas Rangers,Tarik Skubal,2022-06-17 - Texas Rangers (7) @ Detroit Tigers (0) (Final),Jon Gray,R,7,Detroit Tigers,662826,Texas Rangers,0,1,,116,Detroit Tigers,TEX leads 2-0,Tarik Skubal,[]
,Taylor Hearn,N,,Top,Comerica Park,2022-06-18T20:10:00Z,140,2022-06-18,2394,9,Final,Texas Rangers,Rony Garcia,2022-06-18 - Texas Rangers (7) @ Detroit Tigers (14) (Final),Rony Garcia,R,7,Detroit Tigers,662802,Detroit Tigers,14,1,,116,Texas Rangers,TEX leads 2-1,Taylor Hearn,['FS1']
,Dane Dunning,N,,Top,Comerica Park,2022-06-19T17:40:00Z,140,2022-06-19,2394,9,Final,Texas Rangers,Drew Hutchison,2022-06-19 - Texas Rangers (3) @ Detroit Tigers (7) (Final),Alex Lange,R,3,Detroit Tigers,662807,Detroit Tigers,7,1,,116,Texas Rangers,Series tied 2-2,Dane Dunning,[]
,Alex Faedo,N,,Top,Fenway Park,2022-06-20T23:10:00Z,116,2022-06-20,3,9,Final,Detroit Tigers,Josh Winckowski,2022-06-20 - Detroit Tigers (2) @ Boston Red Sox (5) (Final),Josh Winckowski,R,2,Boston Red Sox,663253,Boston Red Sox,5,1,Tanner Houck,111,Detroit Tigers,BOS leads 1-0,Alex Faedo,[]
,Beau Brieske,N,,Top,Fenway Park,2022-06-21T23:10:00Z,116,2022-06-21,3,9,Final,Detroit Tigers,Rich Hill,2022-06-21 - Detroit Tigers (4) @ Boston Red Sox (5) (Final),Rich Hill,R,4,Boston Red Sox,663246,Boston Red Sox,5,1,John Schreiber,111,Detroit Tigers,BOS wins 2-0,Beau Brieske,[]
,Tarik Skubal,N,,Top,Fenway Park,2022-06-22T23:10:00Z,116,2022-06-22,3,9,Final,Detroit Tigers,Michael Wacha,2022-06-22 - Detroit Tigers (2) @ Boston Red Sox (6) (Final),Michael Wacha,R,2,Boston Red Sox,663252,Boston Red Sox,6,1,,111,Detroit Tigers,BOS wins 3-0,Tarik Skubal,['MLBN (out-of-market only)']
,Rony Garcia,N,,Bottom,Chase Field,2022-06-25T01:40:00Z,116,2022-06-24,15,9,Final,Detroit Tigers,Merrill Kelly,2022-06-24 - Detroit Tigers (5) @ Arizona Diamondbacks (1) (Final),Rony Garcia,R,5,Arizona Diamondbacks,663333,Detroit Tigers,1,1,,109,Arizona Diamondbacks,DET leads 1-0,Merrill Kelly,['Apple TV+']
,Alex Faedo,N,,Bottom,Chase Field,2022-06-26T02:10:00Z,116,2022-06-25,15,9,Final,Detroit Tigers,Zach Davies,2022-06-25 - Detroit Tigers (6) @ Arizona Diamondbacks (3) (Final),Tyler Alexander,R,6,Arizona Diamondbacks,663346,Detroit Tigers,3,1,Gregory Soto,109,Arizona Diamondbacks,DET wins 2-0,Joe Mantiply,[]
,Beau Brieske,N,,Top,Chase Field,2022-06-26T20:10:00Z,116,2022-06-26,15,9,Final,Detroit Tigers,Dallas Keuchel,2022-06-26 - Detroit Tigers (7) @ Arizona Diamondbacks (11) (Final),J.B. Wendelken,R,7,Arizona Diamondbacks,663331,Arizona Diamondbacks,11,1,,109,Detroit Tigers,DET wins 2-1,Will Vest,[]
,Tarik Skubal,N,,Top,Oracle Park,2022-06-29T01:45:00Z,116,2022-06-28,2395,9,Final,Detroit Tigers,Carlos Rodon,2022-06-28 - Detroit Tigers (3) @ San Francisco Giants (4) (Final),Carlos Rodon,R,3,San Francisco Giants,662060,San Francisco Giants,4,1,Camilo Doval,137,Detroit Tigers,SF leads 1-0,Tarik Skubal,['MLBN (out-of-market only)']
,Rony Garcia,N,,Bottom,Oracle Park,2022-06-29T19:45:00Z,116,2022-06-29,2395,9,Final,Detroit Tigers,Alex Wood,2022-06-29 - Detroit Tigers (3) @ San Francisco Giants (2) (Final),Rony Garcia,R,3,San Francisco Giants,662080,Detroit Tigers,2,1,Gregory Soto,137,San Francisco Giants,Series tied 1-1,Alex Wood,[]
,Brad Keller,N,,Bottom,Comerica Park,2022-07-01T23:10:00Z,118,2022-07-01,2394,9,Final,Kansas City Royals,Michael Pineda,2022-07-01 - Kansas City Royals (3) @ Detroit Tigers (1) (Final),Brad Keller,R,3,Detroit Tigers,662834,Kansas City Royals,1,1,Scott Barlow,116,Detroit Tigers,KC leads 1-0,Michael Pineda,[]
,Kris Bubic,N,,Bottom,Comerica Park,2022-07-02T20:10:00Z,118,2022-07-02,2394,9,Final,Kansas City Royals,Beau Brieske,2022-07-02 - Kansas City Royals (3) @ Detroit Tigers (4) (Final),Joe Jimenez,R,3,Detroit Tigers,662904,Detroit Tigers,4,1,,116,Kansas City Royals,Series tied 1-1,Joel Payamps,[]
,Brady Singer,N,,Bottom,Comerica Park,2022-07-03T16:05:00Z,118,2022-07-03,2394,9,Final,Kansas City Royals,Tarik Skubal,2022-07-03 - Kansas City Royals (7) @ Detroit Tigers (4) (Final),Jose Cuas,R,7,Detroit Tigers,662794,Kansas City Royals,4,1,Scott Barlow,116,Detroit Tigers,KC wins 2-1,Tarik Skubal,['Peacock']
,Zach Plesac,S,,Top,Comerica Park,2022-07-04T17:10:00Z,114,2022-07-04,2394,9,Final,Cleveland Guardians,Garrett Hill,2022-07-04 - Cleveland Guardians (1) @ Detroit Tigers (4) (Final),Garrett Hill,R,1,Detroit Tigers,662906,Detroit Tigers,4,1,Gregory Soto,116,Cleveland Guardians,DET leads 1-0,Zach Plesac,['MLBN (out-of-market only)']
,Konnor Pilkington,S,,Top,Comerica Park,2022-07-04T22:40:00Z,114,2022-07-04,2394,9,Final,Cleveland Guardians,Alex Faedo,2022-07-04 - Cleveland Guardians (3) @ Detroit Tigers (5) (Final),Tyler Alexander,R,3,Detroit Tigers,662841,Detroit Tigers,5,2,Joe Jimenez,116,Cleveland Guardians,DET leads 2-0,Trevor Stephan,[]
,Cal Quantrill,N,,Top,Comerica Park,2022-07-05T23:10:00Z,114,2022-07-05,2394,9,Final,Cleveland Guardians,Drew Hutchison,2022-07-05 - Cleveland Guardians (4) @ Detroit Tigers (11) (Final),Drew Hutchison,R,4,Detroit Tigers,662905,Detroit Tigers,11,1,,116,Cleveland Guardians,DET wins 3-0,Cal Quantrill,[]
,Shane Bieber,N,,Top,Comerica Park,2022-07-06T17:10:00Z,114,2022-07-06,2394,9,Final,Cleveland Guardians,Michael Pineda,2022-07-06 - Cleveland Guardians (2) @ Detroit Tigers (8) (Final),Michael Pineda,R,2,Detroit Tigers,662814,Detroit Tigers,8,1,,116,Cleveland Guardians,DET wins 4-0,Shane Bieber,['MLBN (out-of-market only)']
,Beau Brieske,N,,Bottom,Guaranteed Rate Field,2022-07-08T00:10:00Z,116,2022-07-07,4,9,Final,Detroit Tigers,Dylan Cease,2022-07-07 - Detroit Tigers (2) @ Chicago White Sox (1) (Final),Beau Brieske,R,2,Chicago White Sox,661425,Detroit Tigers,1,1,Gregory Soto,145,Chicago White Sox,DET leads 1-0,Dylan Cease,[]
,Tarik Skubal,N,,Bottom,Guaranteed Rate Field,2022-07-09T00:10:00Z,116,2022-07-08,4,9,Final,Detroit Tigers,Lucas Giolito,2022-07-08 - Detroit Tigers (7) @ Chicago White Sox (5) (Final),Tarik Skubal,R,7,Chicago White Sox,661412,Detroit Tigers,5,1,Michael Fulmer,145,Chicago White Sox,DET leads 2-0,Lucas Giolito,[]
,Garrett Hill,N,,Top,Guaranteed Rate Field,2022-07-09T18:10:00Z,116,2022-07-09,4,9,Final,Detroit Tigers,Johnny Cueto,2022-07-09 - Detroit Tigers (0) @ Chicago White Sox (8) (Final),Johnny Cueto,R,0,Chicago White Sox,661411,Chicago White Sox,8,1,,145,Detroit Tigers,DET leads 2-1,Garrett Hill,[]
,Drew Hutchison,N,,Top,Guaranteed Rate Field,2022-07-10T18:10:00Z,116,2022-07-10,4,9,Final,Detroit Tigers,Michael Kopech,2022-07-10 - Detroit Tigers (2) @ Chicago White Sox (4) (Final),Kendall Graveman,R,2,Chicago White Sox,661410,Chicago White Sox,4,1,Liam Hendriks,145,Detroit Tigers,Series tied 2-2,Michael Fulmer,[]
,Michael Pineda,S,,Top,Kauffman Stadium,2022-07-11T18:10:00Z,116,2022-07-11,7,9,Final,Detroit Tigers,Brad Keller,2022-07-11 - Detroit Tigers (1) @ Kansas City Royals (3) (Final),Brad Keller,R,1,Kansas City Royals,662700,Kansas City Royals,3,1,Scott Barlow,118,Detroit Tigers,KC leads 1-0,Michael Pineda,"['MLBN (out-of-market only)', 'MLB.tv Free Game']"
,Alex Faedo,S,,Top,Kauffman Stadium,2022-07-12T00:10:00Z,116,2022-07-11,7,9,Final,Detroit Tigers,Daniel Lynch,2022-07-11 - Detroit Tigers (3) @ Kansas City Royals (7) (Final),Angel Zerpa,R,3,Kansas City Royals,662661,Kansas City Royals,7,2,,118,Detroit Tigers,KC leads 2-0,Alex Faedo,[]
,Beau Brieske,N,,Bottom,Kauffman Stadium,2022-07-13T00:10:00Z,116,2022-07-12,7,9,Final,Detroit Tigers,Kris Bubic,2022-07-12 - Detroit Tigers (7) @ Kansas City Royals (5) (Final),Beau Brieske,R,7,Kansas City Royals,662660,Detroit Tigers,5,1,Gregory Soto,118,Kansas City Royals,KC leads 2-1,Jose Cuas,[]
,Tarik Skubal,N,,Top,Kauffman Stadium,2022-07-13T18:10:00Z,116,2022-07-13,7,9,Final,Detroit Tigers,Brady Singer,2022-07-13 - Detroit Tigers (2) @ Kansas City Royals (5) (Final),Brady Singer,R,2,Kansas City Royals,662659,Kansas City Royals,5,1,Scott Barlow,118,Detroit Tigers,KC wins 3-1,Tarik Skubal,[]
,Elvin Rodriguez,N,,Top,Progressive Field,2022-07-14T23:10:00Z,116,2022-07-14,5,9,Final,Detroit Tigers,Triston McKenzie,2022-07-14 - Detroit Tigers (0) @ Cleveland Guardians (4) (Final),Triston McKenzie,R,0,Cleveland Guardians,663123,Cleveland Guardians,4,1,,114,Detroit Tigers,CLE leads 1-0,Elvin Rodriguez,[]
,Drew Hutchison,N,,Top,Progressive Field,2022-07-15T23:10:00Z,116,2022-07-15,5,9,Final,Detroit Tigers,Zach Plesac,2022-07-15 - Detroit Tigers (5) @ Cleveland Guardians (6) (Final),Bryan Shaw,R,5,Cleveland Guardians,662942,Cleveland Guardians,6,1,Trevor Stephan,114,Detroit Tigers,CLE wins 2-0,Michael Fulmer,[]
,Michael Pineda,N,,Top,Progressive Field,2022-07-16T20:10:00Z,116,2022-07-16,5,9,Final,Detroit Tigers,Cal Quantrill,2022-07-16 - Detroit Tigers (0) @ Cleveland Guardians (10) (Final),Cal Quantrill,R,0,Cleveland Guardians,662952,Cleveland Guardians,10,1,,114,Detroit Tigers,CLE wins 3-0,Michael Pineda,['FS1']
,Tyler Alexander,N,,,Progressive Field,2022-07-17T17:40:00Z,116,2022-07-17,5,,Postponed,Detroit Tigers,Shane Bieber,2022-07-17 - Detroit Tigers @ Cleveland Guardians (Postponed),,R,0,Cleveland Guardians,662948,,0,1,,114,,Series tied 1-1,,['MLBN (out-of-market only)']
,Tarik Skubal,Y,,Bottom,Oakland Coliseum,2022-07-21T19:37:00Z,116,2022-07-21,10,9,Final,Detroit Tigers,Zach Logue,2022-07-21 - Detroit Tigers (7) @ Oakland Athletics (2) (Final),Tarik Skubal,R,7,Oakland Athletics,662411,Detroit Tigers,2,1,,133,Oakland Athletics,DET leads 1-0,Zach Logue,['MLB.tv Free Game']
,Garrett Hill,Y,,Top,Oakland Coliseum,2022-07-21T19:42:00Z,116,2022-07-21,10,9,Final,Detroit Tigers,Frankie Montas,2022-07-21 - Detroit Tigers (0) @ Oakland Athletics (5) (Final),Domingo Acevedo,R,0,Oakland Athletics,662408,Oakland Athletics,5,2,,133,Detroit Tigers,Series tied 1-1,Garrett Hill,"['MLBN (out-of-market only)', 'MLB.tv Free Game']"
,Joe Ryan,N,,Bottom,Comerica Park,2022-07-23T22:10:00Z,142,2022-07-23,2394,9,Final,Minnesota Twins,Michael Pineda,2022-07-23 - Minnesota Twins (8) @ Detroit Tigers (4) (Final),Joe Ryan,R,8,Detroit Tigers,662902,Minnesota Twins,4,1,,116,Detroit Tigers,MIN leads 1-0,Michael Pineda,['MLB.tv Free Game']
,Sonny Gray,N,,Bottom,Comerica Park,2022-07-24T17:40:00Z,142,2022-07-24,2394,9,Final,Minnesota Twins,Rony Garcia,2022-07-24 - Minnesota Twins (9) @ Detroit Tigers (1) (Final),Sonny Gray,R,9,Detroit Tigers,662901,Minnesota Twins,1,1,,116,Detroit Tigers,MIN wins 2-0,Rony Garcia,['MLB.tv Free Game']
,Sean Manaea,N,,Top,Comerica Park,2022-07-25T23:10:00Z,135,2022-07-25,2394,9,Final,San Diego Padres,Drew Hutchison,2022-07-25 - San Diego Padres (4) @ Detroit Tigers (12) (Final),Will Vest,R,4,Detroit Tigers,662809,Detroit Tigers,12,1,,116,San Diego Padres,DET leads 1-0,Sean Manaea,"['MLBN (out-of-market only)', 'MLB.tv Free Game']"
,Mike Clevinger,N,,Bottom,Comerica Park,2022-07-26T23:10:00Z,135,2022-07-26,2394,10,Final,San Diego Padres,Garrett Hill,2022-07-26 - San Diego Padres (6) @ Detroit Tigers (4) (Final),Taylor Rogers,R,6,Detroit Tigers,662813,San Diego Padres,4,1,Nick Martinez,116,Detroit Tigers,Series tied 1-1,Gregory Soto,[]
,Yu Darvish,N,,Bottom,Comerica Park,2022-07-27T17:10:00Z,135,2022-07-27,2394,9,Final,San Diego Padres,Tarik Skubal,2022-07-27 - San Diego Padres (3) @ Detroit Tigers (4) (Final),Michael Fulmer,R,3,Detroit Tigers,662900,Detroit Tigers,4,1,,116,San Diego Padres,DET wins 2-1,Taylor Rogers,['MLBN (out-of-market only)']
,Tyler Alexander,N,,Top,Rogers Centre,2022-07-28T23:07:00Z,116,2022-07-28,14,9,Final,Detroit Tigers,Yusei Kikuchi,2022-07-28 - Detroit Tigers (3) @ Toronto Blue Jays (5) (Final),Yusei Kikuchi,R,3,Toronto Blue Jays,661714,Toronto Blue Jays,5,1,Jordan Romano,141,Detroit Tigers,TOR leads 1-0,Tyler Alexander,[]
,Bryan Garcia,N,,Bottom,Rogers Centre,2022-07-29T23:07:00Z,116,2022-07-29,14,9,Final,Detroit Tigers,Alek Manoah,2022-07-29 - Detroit Tigers (4) @ Toronto Blue Jays (2) (Final),Will Vest,R,4,Toronto Blue Jays,661713,Detroit Tigers,2,1,Gregory Soto,141,Toronto Blue Jays,Series tied 1-1,Alek Manoah,['Apple TV+']
,Drew Hutchison,N,,Top,Rogers Centre,2022-07-30T19:07:00Z,116,2022-07-30,14,9,Final,Detroit Tigers,Ross Stripling,2022-07-30 - Detroit Tigers (3) @ Toronto Blue Jays (5) (Final),Trevor Richards,R,3,Toronto Blue Jays,661712,Toronto Blue Jays,5,1,Jordan Romano,141,Detroit Tigers,TOR leads 2-1,Derek Law,[]
,Garrett Hill,N,,Top,Rogers Centre,2022-07-31T16:05:00Z,116,2022-07-31,14,9,Final,Detroit Tigers,Jose Berrios,2022-07-31 - Detroit Tigers (1) @ Toronto Blue Jays (4) (Final),Jose Berrios,R,1,Toronto Blue Jays,661711,Toronto Blue Jays,4,1,Jordan Romano,141,Detroit Tigers,TOR wins 3-1,Garrett Hill,['Peacock']
,Tarik Skubal,N,,Bottom,Target Field,2022-08-01T23:40:00Z,116,2022-08-01,3312,10,Final,Detroit Tigers,Aaron Sanchez,2022-08-01 - Detroit Tigers (3) @ Minnesota Twins (5) (Final),Griffin Jax,R,3,Minnesota Twins,661671,Minnesota Twins,5,1,,142,Detroit Tigers,MIN leads 1-0,Alex Lange,[]
,Matt Manning,N,,Bottom,Target Field,2022-08-02T23:40:00Z,116,2022-08-02,3312,9,Final,Detroit Tigers,Chris Archer,2022-08-02 - Detroit Tigers (5) @ Minnesota Twins (3) (Final),Jason Foley,R,5,Minnesota Twins,661661,Detroit Tigers,3,1,Gregory Soto,142,Minnesota Twins,Series tied 1-1,Griffin Jax,[]
,Tyler Alexander,N,,Top,Target Field,2022-08-03T17:10:00Z,116,2022-08-03,3312,9,Final,Detroit Tigers,Joe Ryan,2022-08-03 - Detroit Tigers (1) @ Minnesota Twins (4) (Final),Joe Ryan,R,1,Minnesota Twins,661664,Minnesota Twins,4,1,Jorge Lopez,142,Detroit Tigers,MIN wins 2-1,Tyler Alexander,['MLBN (out-of-market only)']
,Jeffrey Springs,N,,Bottom,Comerica Park,2022-08-04T23:10:00Z,139,2022-08-04,2394,9,Final,Tampa Bay Rays,Drew Hutchison,2022-08-04 - Tampa Bay Rays (6) @ Detroit Tigers (2) (Final),Jeffrey Springs,R,6,Detroit Tigers,662812,Tampa Bay Rays,2,1,,116,Detroit Tigers,TB leads 1-0,Drew Hutchison,['FS1']
,Corey Kluber,N,,Bottom,Comerica Park,2022-08-05T23:10:00Z,139,2022-08-05,2394,9,Final,Tampa Bay Rays,Bryan Garcia,2022-08-05 - Tampa Bay Rays (5) @ Detroit Tigers (3) (Final),Jalen Beeks,R,5,Detroit Tigers,662811,Tampa Bay Rays,3,1,Colin Poche,116,Detroit Tigers,TB leads 2-0,Joe Jimenez,[]
,Shane McClanahan,N,,Top,Comerica Park,2022-08-06T22:10:00Z,139,2022-08-06,2394,9,Final,Tampa Bay Rays,Garrett Hill,2022-08-06 - Tampa Bay Rays (1) @ Detroit Tigers (9) (Final),Garrett Hill,R,1,Detroit Tigers,662856,Detroit Tigers,9,1,,116,Tampa Bay Rays,TB leads 2-1,Shane McClanahan,[]
,Drew Rasmussen,N,,Bottom,Comerica Park,2022-08-07T17:40:00Z,139,2022-08-07,2394,9,Final,Tampa Bay Rays,Matt Manning,2022-08-07 - Tampa Bay Rays (7) @ Detroit Tigers (0) (Final),Colin Poche,R,7,Detroit Tigers,662810,Tampa Bay Rays,0,1,,116,Detroit Tigers,TB wins 3-1,Gregory Soto,['MLBN (out-of-market only)']
,Shane Bieber,N,,Bottom,Comerica Park,2022-08-09T23:10:00Z,114,2022-08-09,2394,9,Final,Cleveland Guardians,Tyler Alexander,2022-08-09 - Cleveland Guardians (5) @ Detroit Tigers (2) (Final),Shane Bieber,R,5,Detroit Tigers,662793,Cleveland Guardians,2,1,Emmanuel Clase,116,Detroit Tigers,CLE leads 1-0,Tyler Alexander,[]
,Aaron Civale,N,,Bottom,Comerica Park,2022-08-10T23:10:00Z,114,2022-08-10,2394,9,Final,Cleveland Guardians,Drew Hutchison,2022-08-10 - Cleveland Guardians (3) @ Detroit Tigers (2) (Final),Bryan Shaw,R,3,Detroit Tigers,662791,Cleveland Guardians,2,1,Emmanuel Clase,116,Detroit Tigers,CLE wins 2-0,Drew Hutchison,[]
,Zach Plesac,N,,Bottom,Comerica Park,2022-08-11T17:10:00Z,114,2022-08-11,2394,10,Final,Cleveland Guardians,Garrett Hill,2022-08-11 - Cleveland Guardians (4) @ Detroit Tigers (3) (Final),Enyel De Los Santos,R,4,Detroit Tigers,662790,Cleveland Guardians,3,1,Bryan Shaw,116,Detroit Tigers,CLE wins 3-0,Gregory Soto,['MLBN (out-of-market only)']
,Daniel Norris,N,,Top,Guaranteed Rate Field,2022-08-12T23:10:00Z,116,2022-08-12,4,9,Final,Detroit Tigers,Michael Kopech,2022-08-12 - Detroit Tigers (0) @ Chicago White Sox (2) (Final),Reynaldo Lopez,R,0,Chicago White Sox,661384,Chicago White Sox,2,1,Liam Hendriks,145,Detroit Tigers,CWS leads 1-0,Alex Lange,[]
,Matt Manning,N,,Top,Guaranteed Rate Field,2022-08-13T23:10:00Z,116,2022-08-13,4,9,Final,Detroit Tigers,Lucas Giolito,2022-08-13 - Detroit Tigers (4) @ Chicago White Sox (6) (Final),Lucas Giolito,R,4,Chicago White Sox,661383,Chicago White Sox,6,1,Liam Hendriks,145,Detroit Tigers,CWS wins 2-0,Joe Jimenez,[]
,Tyler Alexander,N,,Top,Guaranteed Rate Field,2022-08-14T18:10:00Z,116,2022-08-14,4,9,Final,Detroit Tigers,Lance Lynn,2022-08-14 - Detroit Tigers (3) @ Chicago White Sox (5) (Final),Lance Lynn,R,3,Chicago White Sox,661450,Chicago White Sox,5,1,Kendall Graveman,145,Detroit Tigers,CWS wins 3-0,Tyler Alexander,[]
,Drew Hutchison,Y,,Top,Progressive Field,2022-08-15T19:10:00Z,116,2022-08-15,5,9,Final,Detroit Tigers,Aaron Civale,2022-08-15 - Detroit Tigers (1) @ Cleveland Guardians (4) (Final),James Karinchak,R,1,Cleveland Guardians,662977,Cleveland Guardians,4,1,Emmanuel Clase,114,Detroit Tigers,CLE leads 1-0,Will Vest,['MLBN (out-of-market only)']
,Bryan Garcia,Y,,Bottom,Progressive Field,2022-08-15T19:15:00Z,116,2022-08-15,5,9,Final,Detroit Tigers,Xzavion Curry,2022-08-15 - Detroit Tigers (7) @ Cleveland Guardians (5) (Final),Bryan Garcia,R,7,Cleveland Guardians,662948,Detroit Tigers,5,2,Gregory Soto,114,Cleveland Guardians,Series tied 1-1,Eli Morgan,['MLBN (out-of-market only)']
,Garrett Hill,N,,Bottom,Progressive Field,2022-08-16T23:10:00Z,116,2022-08-16,5,9,Final,Detroit Tigers,Zach Plesac,2022-08-16 - Detroit Tigers (4) @ Cleveland Guardians (3) (Final),Garrett Hill,R,4,Cleveland Guardians,662943,Detroit Tigers,3,1,Gregory Soto,114,Cleveland Guardians,DET leads 2-1,Zach Plesac,[]
,Daniel Norris,N,,Top,Progressive Field,2022-08-17T23:10:00Z,116,2022-08-17,5,9,Final,Detroit Tigers,Cal Quantrill,2022-08-17 - Detroit Tigers (4) @ Cleveland Guardians (8) (Final),Bryan Shaw,R,4,Cleveland Guardians,662951,Cleveland Guardians,8,1,,114,Detroit Tigers,Series tied 2-2,Andrew Chafin,[]
,Patrick Sandoval,N,,Bottom,Comerica Park,2022-08-19T23:10:00Z,108,2022-08-19,2394,9,Final,Los Angeles Angels,Matt Manning,2022-08-19 - Los Angeles Angels (1) @ Detroit Tigers (0) (Final),Patrick Sandoval,R,1,Detroit Tigers,662808,Los Angeles Angels,0,1,,116,Detroit Tigers,LAA leads 1-0,Matt Manning,[]
,Reid Detmers,N,,Top,Comerica Park,2022-08-20T17:10:00Z,108,2022-08-20,2394,9,Final,Los Angeles Angels,Tyler Alexander,2022-08-20 - Los Angeles Angels (3) @ Detroit Tigers (4) (Final),Tyler Alexander,R,3,Detroit Tigers,662917,Detroit Tigers,4,1,Gregory Soto,116,Los Angeles Angels,Series tied 1-1,Reid Detmers,['MLBN (out-of-market only)']
,Shohei Ohtani,N,,Top,Comerica Park,2022-08-21T17:40:00Z,108,2022-08-21,2394,9,Final,Los Angeles Angels,Eduardo Rodriguez,2022-08-21 - Los Angeles Angels (0) @ Detroit Tigers (4) (Final),Eduardo Rodriguez,R,0,Detroit Tigers,662805,Detroit Tigers,4,1,,116,Los Angeles Angels,DET wins 2-1,Shohei Ohtani,[]
,Carlos Rodon,N,,Bottom,Comerica Park,2022-08-23T23:10:00Z,137,2022-08-23,2394,9,Final,San Francisco Giants,Drew Hutchison,2022-08-23 - San Francisco Giants (3) @ Detroit Tigers (1) (Final),Carlos Rodon,R,3,Detroit Tigers,662914,San Francisco Giants,1,1,Camilo Doval,116,Detroit Tigers,SF leads 1-0,Drew Hutchison,[]
,Logan Webb,N,,Top,Comerica Park,2022-08-24T17:10:00Z,137,2022-08-24,2394,9,Final,San Francisco Giants,Matt Manning,2022-08-24 - San Francisco Giants (1) @ Detroit Tigers (6) (Final),Matt Manning,R,1,Detroit Tigers,662916,Detroit Tigers,6,1,,116,San Francisco Giants,Series tied 1-1,Logan Webb,"['MLBN (out-of-market only)', 'MLB.tv Free Game']"
,Tyler Alexander,N,,Top,Globe Life Field,2022-08-27T00:05:00Z,116,2022-08-26,5325,9,Final,Detroit Tigers,Glenn Otto,2022-08-26 - Detroit Tigers (6) @ Texas Rangers (7) (Final),Glenn Otto,R,6,Texas Rangers,661786,Texas Rangers,7,1,Jose Leclerc,140,Detroit Tigers,TEX leads 1-0,Tyler Alexander,['MLB.tv Free Game']
,Eduardo Rodriguez,N,,Bottom,Globe Life Field,2022-08-27T23:05:00Z,116,2022-08-27,5325,9,Final,Detroit Tigers,Dallas Keuchel,2022-08-27 - Detroit Tigers (11) @ Texas Rangers (2) (Final),Eduardo Rodriguez,R,11,Texas Rangers,661785,Detroit Tigers,2,1,,140,Texas Rangers,Series tied 1-1,Dallas Keuchel,[]
,Drew Hutchison,N,,Bottom,Globe Life Field,2022-08-28T18:35:00Z,116,2022-08-28,5325,9,Final,Detroit Tigers,Kohei Arihara,2022-08-28 - Detroit Tigers (9) @ Texas Rangers (8) (Final),Drew Hutchison,R,9,Texas Rangers,661784,Detroit Tigers,8,1,Joe Jimenez,140,Texas Rangers,DET wins 2-1,Kohei Arihara,[]
,George Kirby,N,,Bottom,Comerica Park,2022-08-30T23:10:00Z,136,2022-08-30,2394,9,Final,Seattle Mariners,Matt Manning,2022-08-30 - Seattle Mariners (9) @ Detroit Tigers (3) (Final),George Kirby,R,9,Detroit Tigers,662804,Seattle Mariners,3,1,Chris Flexen,116,Detroit Tigers,SEA leads 1-0,Matt Manning,[]
,Marco Gonzales,N,,Bottom,Comerica Park,2022-08-31T23:10:00Z,136,2022-08-31,2394,9,Final,Seattle Mariners,Tyler Alexander,2022-08-31 - Seattle Mariners (5) @ Detroit Tigers (3) (Final),Marco Gonzales,R,5,Detroit Tigers,662903,Seattle Mariners,3,1,Paul Sewald,116,Detroit Tigers,SEA wins 2-0,Alex Lange,[]
,Logan Gilbert,N,,Bottom,Comerica Park,2022-09-01T17:10:00Z,136,2022-09-01,2394,9,Final,Seattle Mariners,Eduardo Rodriguez,2022-09-01 - Seattle Mariners (7) @ Detroit Tigers (0) (Final),Logan Gilbert,R,7,Detroit Tigers,662785,Seattle Mariners,0,1,,116,Detroit Tigers,SEA wins 3-0,Eduardo Rodriguez,['MLBN (out-of-market only)']
,Daniel Lynch,N,,Top,Comerica Park,2022-09-02T23:10:00Z,118,2022-09-02,2394,9,Final,Kansas City Royals,Drew Hutchison,2022-09-02 - Kansas City Royals (4) @ Detroit Tigers (5) (Final),Andrew Chafin,R,4,Detroit Tigers,662915,Detroit Tigers,5,1,Gregory Soto,116,Kansas City Royals,DET leads 1-0,Carlos Hernandez,[]
,Jonathan Heasley,N,,Bottom,Comerica Park,2022-09-03T22:10:00Z,118,2022-09-03,2394,9,Final,Kansas City Royals,Michael Pineda,2022-09-03 - Kansas City Royals (12) @ Detroit Tigers (2) (Final),Jonathan Heasley,R,12,Detroit Tigers,662803,Kansas City Royals,2,1,,116,Detroit Tigers,Series tied 1-1,Michael Pineda,[]
,Max Castillo,N,,Bottom,Comerica Park,2022-09-04T17:40:00Z,118,2022-09-04,2394,9,Final,Kansas City Royals,Matt Manning,2022-09-04 - Kansas City Royals (3) @ Detroit Tigers (2) (Final),Dylan Coleman,R,3,Detroit Tigers,662786,Kansas City Royals,2,1,Scott Barlow,116,Detroit Tigers,KC wins 2-1,Gregory Soto,[]
,Tyler Alexander,N,,Top,Angel Stadium,2022-09-06T01:38:00Z,116,2022-09-05,1,9,Final,Detroit Tigers,Jose Suarez,2022-09-05 - Detroit Tigers (0) @ Los Angeles Angels (10) (Final),Jose Suarez,R,0,Los Angeles Angels,663434,Los Angeles Angels,10,1,,108,Detroit Tigers,LAA leads 1-0,Tyler Alexander,[]
,Eduardo Rodriguez,N,,Bottom,Angel Stadium,2022-09-07T01:38:00Z,116,2022-09-06,1,10,Final,Detroit Tigers,Mike Mayers,2022-09-06 - Detroit Tigers (4) @ Los Angeles Angels (5) (Final),Ryan Tepera,R,4,Los Angeles Angels,663407,Los Angeles Angels,5,1,,108,Detroit Tigers,LAA wins 2-0,Andrew Chafin,[]
,Drew Hutchison,N,,Bottom,Angel Stadium,2022-09-07T20:07:00Z,116,2022-09-07,1,9,Final,Detroit Tigers,Patrick Sandoval,2022-09-07 - Detroit Tigers (5) @ Los Angeles Angels (4) (Final),Jose Cisnero,R,5,Los Angeles Angels,663409,Detroit Tigers,4,1,Gregory Soto,108,Los Angeles Angels,LAA wins 2-1,Jose Quijada,[]
,Joey Wentz,N,,Bottom,Kauffman Stadium,2022-09-10T00:10:00Z,116,2022-09-09,7,9,Final,Detroit Tigers,Daniel Lynch,2022-09-09 - Detroit Tigers (10) @ Kansas City Royals (2) (Final),Joey Wentz,R,10,Kansas City Royals,662637,Detroit Tigers,2,1,,118,Kansas City Royals,DET leads 1-0,Daniel Lynch,['MLBN (out-of-market only)']
,Matt Manning,N,,Top,Kauffman Stadium,2022-09-10T20:10:00Z,116,2022-09-10,7,8,Completed Early: Rain,Detroit Tigers,Jonathan Heasley,2022-09-10 - Detroit Tigers @ Kansas City Royals (Completed Early: Rain),,R,8,Kansas City Royals,662636,,4,1,,118,,DET wins 2-0,,[]
,Tyler Alexander,N,,Top,Kauffman Stadium,2022-09-11T18:10:00Z,116,2022-09-11,7,9,Final,Detroit Tigers,Brady Singer,2022-09-11 - Detroit Tigers (0) @ Kansas City Royals (4) (Final),Brady Singer,R,0,Kansas City Royals,662635,Kansas City Royals,4,1,,118,Detroit Tigers,DET wins 2-1,Tyler Alexander,[]
,Framber Valdez,N,,Bottom,Comerica Park,2022-09-12T22:40:00Z,117,2022-09-12,2394,9,Final,Houston Astros,Eduardo Rodriguez,2022-09-12 - Houston Astros (7) @ Detroit Tigers (0) (Final),Framber Valdez,R,7,Detroit Tigers,662782,Houston Astros,0,1,,116,Detroit Tigers,HOU leads 1-0,Eduardo Rodriguez,['MLBN (out-of-market only)']
,Hunter Brown,N,,Bottom,Comerica Park,2022-09-13T22:40:00Z,117,2022-09-13,2394,9,Final,Houston Astros,Drew Hutchison,2022-09-13 - Houston Astros (6) @ Detroit Tigers (3) (Final),Hunter Brown,R,6,Detroit Tigers,662787,Houston Astros,3,1,Ryan Pressly,116,Detroit Tigers,HOU wins 2-0,Drew Hutchison,[]
,Cristian Javier,N,,Bottom,Comerica Park,2022-09-14T17:10:00Z,117,2022-09-14,2394,9,Final,Houston Astros,Joey Wentz,2022-09-14 - Houston Astros (2) @ Detroit Tigers (1) (Final),Cristian Javier,R,2,Detroit Tigers,662792,Houston Astros,1,1,Ryan Pressly,116,Detroit Tigers,HOU wins 3-0,Joey Wentz,"['MLBN (out-of-market only)', 'MLB.tv Free Game']"
,Lucas Giolito,N,,Bottom,Comerica Park,2022-09-16T23:10:00Z,145,2022-09-16,2394,10,Final,Chicago White Sox,Matt Manning,2022-09-16 - Chicago White Sox (2) @ Detroit Tigers (3) (Final),Alex Lange,R,2,Detroit Tigers,662781,Detroit Tigers,3,1,,116,Chicago White Sox,DET leads 1-0,Liam Hendriks,[]
,Davis Martin,N,,Bottom,Comerica Park,2022-09-17T22:10:00Z,145,2022-09-17,2394,11,Final,Chicago White Sox,Eduardo Rodriguez,2022-09-17 - Chicago White Sox (4) @ Detroit Tigers (3) (Final),Liam Hendriks,R,4,Detroit Tigers,662784,Chicago White Sox,3,1,Aaron Bummer,116,Detroit Tigers,Series tied 1-1,Gregory Soto,[]
,Vince Velasquez,N,,Bottom,Comerica Park,2022-09-18T16:10:00Z,145,2022-09-18,2394,9,Final,Chicago White Sox,Drew Hutchison,2022-09-18 - Chicago White Sox (11) @ Detroit Tigers (5) (Final),Tanner Banks,R,11,Detroit Tigers,662783,Chicago White Sox,5,1,,116,Detroit Tigers,CWS wins 2-1,Drew Hutchison,[]
,Tyler Alexander,N,,Bottom,Oriole Park at Camden Yards,2022-09-19T23:05:00Z,116,2022-09-19,2,9,Final,Detroit Tigers,Tyler Wells,2022-09-19 - Detroit Tigers (11) @ Baltimore Orioles (0) (Final),Tyler Alexander,R,11,Baltimore Orioles,663263,Detroit Tigers,0,1,,110,Baltimore Orioles,DET leads 1-0,Tyler Wells,[]
,Joey Wentz,N,,Bottom,Oriole Park at Camden Yards,2022-09-20T23:05:00Z,116,2022-09-20,2,9,Final,Detroit Tigers,Austin Voth,2022-09-20 - Detroit Tigers (3) @ Baltimore Orioles (2) (Final),Joey Wentz,R,3,Baltimore Orioles,663262,Detroit Tigers,2,1,Gregory Soto,110,Baltimore Orioles,DET wins 2-0,Austin Voth,[]
,Matt Manning,N,,Top,Oriole Park at Camden Yards,2022-09-21T23:05:00Z,116,2022-09-21,2,9,Final,Detroit Tigers,Jordan Lyles,2022-09-21 - Detroit Tigers (1) @ Baltimore Orioles (8) (Final),Jordan Lyles,R,1,Baltimore Orioles,663261,Baltimore Orioles,8,1,,110,Detroit Tigers,DET wins 2-1,Matt Manning,[]
,Eduardo Rodriguez,N,,Bottom,Guaranteed Rate Field,2022-09-24T00:10:00Z,116,2022-09-23,4,9,Final,Detroit Tigers,Lucas Giolito,2022-09-23 - Detroit Tigers (5) @ Chicago White Sox (3) (Final),Eduardo Rodriguez,R,5,Chicago White Sox,661431,Detroit Tigers,3,1,Gregory Soto,145,Chicago White Sox,DET leads 1-0,Reynaldo Lopez,[]
,Drew Hutchison,N,,Bottom,Guaranteed Rate Field,2022-09-24T23:10:00Z,116,2022-09-24,4,9,Final,Detroit Tigers,Davis Martin,2022-09-24 - Detroit Tigers (7) @ Chicago White Sox (2) (Final),Drew Hutchison,R,7,Chicago White Sox,661430,Detroit Tigers,2,1,,145,Chicago White Sox,DET wins 2-0,Davis Martin,[]
,Tyler Alexander,N,,Bottom,Guaranteed Rate Field,2022-09-25T18:10:00Z,116,2022-09-25,4,9,Final,Detroit Tigers,Dylan Cease,2022-09-25 - Detroit Tigers (4) @ Chicago White Sox (1) (Final),Andrew Chafin,R,4,Chicago White Sox,661429,Detroit Tigers,1,1,Gregory Soto,145,Chicago White Sox,DET wins 3-0,Kendall Graveman,[]
,Zack Greinke,N,,Bottom,Comerica Park,2022-09-27T22:40:00Z,118,2022-09-27,2394,10,Final,Kansas City Royals,Joey Wentz,2022-09-27 - Kansas City Royals (3) @ Detroit Tigers (4) (Final),Alex Lange,R,3,Detroit Tigers,662774,Detroit Tigers,4,1,,116,Kansas City Royals,DET leads 1-0,Anthony Misiewicz,[]
,Daniel Lynch,N,,Top,Comerica Park,2022-09-28T22:40:00Z,118,2022-09-28,2394,9,Final,Kansas City Royals,Matt Manning,2022-09-28 - Kansas City Royals (1) @ Detroit Tigers (2) (Final),Daniel Norris,R,1,Detroit Tigers,662773,Detroit Tigers,2,1,Gregory Soto,116,Kansas City Royals,DET wins 2-0,Daniel Lynch,[]
,Jonathan Heasley,N,,Top,Comerica Park,2022-09-29T17:10:00Z,118,2022-09-29,2394,9,Final,Kansas City Royals,Eduardo Rodriguez,2022-09-29 - Kansas City Royals (3) @ Detroit Tigers (10) (Final),Eduardo Rodriguez,R,3,Detroit Tigers,662772,Detroit Tigers,10,1,,116,Kansas City Royals,DET wins 3-0,Jonathan Heasley,['MLBN (out-of-market only)']
,Joe Ryan,N,,Bottom,Comerica Park,2022-09-30T23:10:00Z,142,2022-09-30,2394,9,Final,Minnesota Twins,Tyler Alexander,2022-09-30 - Minnesota Twins (7) @ Detroit Tigers (0) (Final),Joe Ryan,R,7,Detroit Tigers,662771,Minnesota Twins,0,1,,116,Detroit Tigers,MIN leads 1-0,Tyler Alexander,[]
,Dylan Bundy,N,,Top,Comerica Park,2022-10-01T22:10:00Z,142,2022-10-01,2394,9,Final,Minnesota Twins,Drew Hutchison,2022-10-01 - Minnesota Twins (2) @ Detroit Tigers (3) (Final),Daniel Norris,R,2,Detroit Tigers,662770,Detroit Tigers,3,1,Andrew Chafin,116,Minnesota Twins,Series tied 1-1,Ronny Henriquez,[]
,Simeon Woods Richardson,N,,Top,Comerica Park,2022-10-02T16:10:00Z,142,2022-10-02,2394,9,Final,Minnesota Twins,Joey Wentz,2022-10-02 - Minnesota Twins (2) @ Detroit Tigers (5) (Final),Alex Lange,R,2,Detroit Tigers,662769,Detroit Tigers,5,1,Gregory Soto,116,Minnesota Twins,DET wins 2-1,Simeon Woods Richardson,[]
,Bryan Garcia,N,,Bottom,T-Mobile Park,2022-10-04T01:40:00Z,116,2022-10-03,680,9,Final,Detroit Tigers,George Kirby,2022-10-03 - Detroit Tigers (4) @ Seattle Mariners (3) (Final),Bryan Garcia,R,4,Seattle Mariners,662201,Detroit Tigers,3,1,Andrew Chafin,136,Seattle Mariners,DET leads 1-0,George Kirby,[]
,Eduardo Rodriguez,Y,,Bottom,T-Mobile Park,2022-10-04T22:10:00Z,116,2022-10-04,680,10,Final,Detroit Tigers,Chris Flexen,2022-10-04 - Detroit Tigers (6) @ Seattle Mariners (7) (Final),Luis Torrens,R,6,Seattle Mariners,662200,Seattle Mariners,7,1,,136,Detroit Tigers,Series tied 1-1,Gregory Soto,[]
,Will Vest,Y,,Top,T-Mobile Park,2022-10-04T22:15:00Z,116,2022-10-04,680,9,Final,Detroit Tigers,Justus Sheffield,2022-10-04 - Detroit Tigers (6) @ Seattle Mariners (9) (Final),Justus Sheffield,R,6,Seattle Mariners,662199,Seattle Mariners,9,2,Diego Castillo,136,Detroit Tigers,SEA leads 2-1,Elvin Rodriguez,[]
,Tyler Alexander,N,,Bottom,T-Mobile Park,2022-10-05T20:10:00Z,116,2022-10-05,680,9,Final,Detroit Tigers,Marco Gonzales,2022-10-05 - Detroit Tigers (4) @ Seattle Mariners (5) (Final),Erik Swanson,R,4,Seattle Mariners,662195,Seattle Mariners,5,1,,136,Detroit Tigers,SEA wins 3-1,Gregory Soto,[]
