away_pitcher_note,away_probable_pitcher,doubleheader,home_pitcher_note,inning_state,losing_Team,venue_name,game_datetime,away_id,game_date,venue_id,current_inning,status,away_name,home_probable_pitcher,summary,winning_pitcher,game_type,away_score,home_name,game_id,winning_team,home_score,game_num,save_pitcher,home_id,losing_team,series_status,losing_pitcher,national_broadcasts
,Ethan Small,N,,Bottom,,Camelback Ranch,2022-03-18T20:05:00Z,158,2022-03-18,3809,9,Final: Tied,Milwaukee Brewers,Clayton Kershaw,2022-03-18 - Milwaukee Brewers @ Los Angeles Dodgers (Final: Tied),,S,3,Los Angeles Dodgers,706934,,3,1,,119,,,,"['MLBN', 'MLB.tv Free Game']"
,Luis Perdomo,N,,Bottom,,Surprise Stadium,2022-03-19T20:05:00Z,158,2022-03-19,2603,9,Final,Milwaukee Brewers,Dane Dunning,2022-03-19 - Milwaukee Brewers (11) @ Texas Rangers (0) (Final),Luis Perdomo,S,11,Texas Rangers,706806,Milwaukee Brewers,0,1,,140,Texas Rangers,MIL wins Spring,Dane Dunning,[]
,Chris Paddack,N,,Top,,American Family Fields of Phoenix,2022-03-20T20:10:00Z,135,2022-03-20,2518,9,Final,San Diego Padres,Freddy Peralta,2022-03-20 - San Diego Padres (3) @ Milwaukee Brewers (6) (Final),Freddy Peralta,S,3,Milwaukee Brewers,706914,Milwaukee Brewers,6,1,,158,San Diego Padres,MIL wins Spring,Chris Paddack,['MLB.tv Free Game']
,Adrian Houser,N,,Bottom,,Scottsdale Stadium,2022-03-22T02:05:00Z,158,2022-03-21,2532,9,Final,Milwaukee Brewers,Alex Wood,2022-03-21 - Milwaukee Brewers (13) @ San Francisco Giants (6) (Final),Josh Lindblom,S,13,San Francisco Giants,706845,Milwaukee Brewers,6,1,,137,San Francisco Giants,MIL wins Spring,Matt Carasiti,['MLB.tv Free Game']
,Lucas Giolito,N,,Bottom,,American Family Fields of Phoenix,2022-03-22T20:10:00Z,145,2022-03-22,2518,9,Final,Chicago White Sox,Jason Alexander,2022-03-22 - Chicago White Sox (4) @ Milwaukee Brewers (3) (Final),Lucas Giolito,S,4,Milwaukee Brewers,706916,Chicago White Sox,3,1,Kyle Crick,158,Milwaukee Brewers,CWS wins Spring,Devin Williams,['MLB.tv Free Game']
,Corbin Burnes,N,,Top,,Goodyear Ballpark,2022-03-24T01:05:00Z,158,2022-03-23,3834,9,Final,Milwaukee Brewers,Tyler Mahle,2022-03-23 - Milwaukee Brewers (8) @ Cincinnati Reds (12) (Final),Jared Solomon,S,8,Cincinnati Reds,706994,Cincinnati Reds,12,1,,113,Milwaukee Brewers,CIN wins Spring,Brad Boxberger,['MLB.tv Free Game']
,Taylor Widener,N,,Bottom,,American Family Fields of Phoenix,2022-03-24T20:10:00Z,109,2022-03-24,2518,9,Final,Arizona Diamondbacks,Brandon Woodruff,2022-03-24 - Arizona Diamondbacks (10) @ Milwaukee Brewers (3) (Final),Taylor Widener,S,10,Milwaukee Brewers,706912,Arizona Diamondbacks,3,1,,158,Milwaukee Brewers,AZ wins Spring,Brandon Woodruff,['MLB.tv Free Game']
,Freddy Peralta,N,,Top,,Hohokam Stadium,2022-03-25T20:05:00Z,158,2022-03-25,2507,9,Final,Milwaukee Brewers,Cole Irvin,2022-03-25 - Milwaukee Brewers (3) @ Oakland Athletics (6) (Final),Justin Grimm,S,3,Oakland Athletics,706880,Oakland Athletics,6,1,Shohei Tomioka,133,Milwaukee Brewers,OAK wins Spring,Matt Hardy,[]
,Chris Flexen,N,,Top,Tie,American Family Fields of Phoenix,2022-03-26T20:10:00Z,136,2022-03-26,2518,9,Final,Seattle Mariners,Adrian Houser,2022-03-26 - Seattle Mariners (7) @ Milwaukee Brewers (7) (Final),,S,7,Milwaukee Brewers,706915,Tie,7,1,,158,,,,[]
,Logan Webb,N,,Top,,American Family Fields of Phoenix,2022-03-28T20:10:00Z,137,2022-03-28,2518,9,Final,San Francisco Giants,Corbin Burnes,2022-03-28 - San Francisco Giants (2) @ Milwaukee Brewers (5) (Final),Corbin Burnes,S,2,Milwaukee Brewers,706913,Milwaukee Brewers,5,1,Brent Suter,158,San Francisco Giants,MIL wins Spring,Logan Webb,[]
,Brandon Woodruff,N,,Top,,Goodyear Ballpark,2022-03-29T20:05:00Z,158,2022-03-29,3834,9,Final,Milwaukee Brewers,Cal Quantrill,2022-03-29 - Milwaukee Brewers (3) @ Cleveland Guardians (10) (Final),Bryan Shaw,S,3,Cleveland Guardians,706983,Cleveland Guardians,10,1,,114,Milwaukee Brewers,CLE wins Spring,Brandon Woodruff,[]
,Freddy Peralta,N,,Top,,Peoria Stadium,2022-03-30T20:10:00Z,158,2022-03-30,2530,9,Final,Milwaukee Brewers,Nick Martinez,2022-03-30 - Milwaukee Brewers (2) @ San Diego Padres (4) (Final),Nick Martinez,S,2,San Diego Padres,706850,San Diego Padres,4,1,Javy Guerra,135,Milwaukee Brewers,SD wins Spring,Freddy Peralta,[]
,Shohei Ohtani,N,,Bottom,,American Family Fields of Phoenix,2022-03-31T20:10:00Z,108,2022-03-31,2518,9,Final,Los Angeles Angels,Eric Lauer,2022-03-31 - Los Angeles Angels (10) @ Milwaukee Brewers (5) (Final),Shohei Ohtani,S,10,Milwaukee Brewers,706909,Los Angeles Angels,5,1,,158,Milwaukee Brewers,LAA wins Spring,Eric Lauer,[]
,Keegan Thompson,N,,Top,,American Family Fields of Phoenix,2022-04-01T20:10:00Z,112,2022-04-01,2518,9,Final,Chicago Cubs,Luis Perdomo,2022-04-01 - Chicago Cubs (3) @ Milwaukee Brewers (5) (Final),Luis Perdomo,S,3,Milwaukee Brewers,706910,Milwaukee Brewers,5,1,Justin Bullock,158,Chicago Cubs,MIL wins Spring,Keegan Thompson,[]
,Corbin Burnes,N,,Bottom,,Peoria Stadium,2022-04-03T01:40:00Z,158,2022-04-02,2530,9,Final,Milwaukee Brewers,Robbie Ray,2022-04-02 - Milwaukee Brewers (3) @ Seattle Mariners (4) (Final),Drew Steckenrider,S,3,Seattle Mariners,706828,Seattle Mariners,4,1,,136,Milwaukee Brewers,SEA wins Spring,Trevor Gott,[]
,Jon Gray,N,,Bottom,,American Family Fields of Phoenix,2022-04-03T20:10:00Z,140,2022-04-03,2518,9,Final,Texas Rangers,Brandon Woodruff,2022-04-03 - Texas Rangers (13) @ Milwaukee Brewers (2) (Final),Jon Gray,S,13,Milwaukee Brewers,706911,Texas Rangers,2,1,,158,Milwaukee Brewers,TEX wins Spring,Brandon Woodruff,[]
,Freddy Peralta,N,,Bottom,,Salt River Fields at Talking Stick,2022-04-05T01:40:00Z,158,2022-04-04,4249,9,Final,Milwaukee Brewers,,2022-04-04 - Milwaukee Brewers (8) @ Colorado Rockies (7) (Final),Brad Boxberger,S,8,Colorado Rockies,706969,Milwaukee Brewers,7,1,Jandel Gustave,115,Colorado Rockies,MIL wins Spring,Carlos Estevez,[]
,Carlos Hernandez,N,,Top,,American Family Fields of Phoenix,2022-04-05T19:10:00Z,118,2022-04-05,2518,9,Final,Kansas City Royals,Adrian Houser,2022-04-05 - Kansas City Royals (4) @ Milwaukee Brewers (5) (Final),Stiven Cruz,S,4,Milwaukee Brewers,706908,Milwaukee Brewers,5,1,Jake Cousins,158,Kansas City Royals,MIL wins Spring,Zach Willeman,[]
,Corbin Burnes,N,,Top,,Wrigley Field,2022-04-07T18:20:00Z,158,2022-04-07,17,9,Final,Milwaukee Brewers,Kyle Hendricks,2022-04-07 - Milwaukee Brewers (4) @ Chicago Cubs (5) (Final),Mychal Givens,R,4,Chicago Cubs,663178,Chicago Cubs,5,1,David Robertson,112,Milwaukee Brewers,CHC leads 1-0,Aaron Ashby,['MLBN']
,Brandon Woodruff,N,,,,Wrigley Field,2022-04-08T18:20:00Z,158,2022-04-08,17,,Postponed,Milwaukee Brewers,Justin Steele,2022-04-08 - Milwaukee Brewers @ Chicago Cubs (Postponed),,R,0,Chicago Cubs,663147,,0,1,,112,,MIL leads 2-0,,['MLBN']
,Brandon Woodruff,N,,Top,,Wrigley Field,2022-04-09T18:20:00Z,158,2022-04-09,17,9,Final,Milwaukee Brewers,Justin Steele,2022-04-09 - Milwaukee Brewers (0) @ Chicago Cubs (9) (Final),Justin Steele,R,0,Chicago Cubs,663205,Chicago Cubs,9,1,,112,Milwaukee Brewers,CHC wins 2-0,Brandon Woodruff,[]
,Freddy Peralta,N,,Bottom,,Wrigley Field,2022-04-10T18:20:00Z,158,2022-04-10,17,9,Final,Milwaukee Brewers,Marcus Stroman,2022-04-10 - Milwaukee Brewers (5) @ Chicago Cubs (4) (Final),Jake Cousins,R,5,Chicago Cubs,663204,Milwaukee Brewers,4,1,Josh Hader,112,Chicago Cubs,CHC wins 2-1,Daniel Norris,[]
,Adrian Houser,N,,Top,,Oriole Park at Camden Yards,2022-04-11T19:05:00Z,158,2022-04-11,2,9,Final,Milwaukee Brewers,Bruce Zimmermann,2022-04-11 - Milwaukee Brewers (0) @ Baltimore Orioles (2) (Final),Mike Baumann,R,0,Baltimore Orioles,663403,Baltimore Orioles,2,1,Jorge Lopez,110,Milwaukee Brewers,BAL leads 1-0,Adrian Houser,[]
,Eric Lauer,N,,Bottom,,Oriole Park at Camden Yards,2022-04-12T23:05:00Z,158,2022-04-12,2,9,Final,Milwaukee Brewers,Spenser Watkins,2022-04-12 - Milwaukee Brewers (5) @ Baltimore Orioles (4) (Final),Hoby Milner,R,5,Baltimore Orioles,663295,Milwaukee Brewers,4,1,Josh Hader,110,Baltimore Orioles,Series tied 1-1,Felix Bautista,[]
,Corbin Burnes,N,,Bottom,,Oriole Park at Camden Yards,2022-04-13T23:05:00Z,158,2022-04-13,2,9,Final,Milwaukee Brewers,John Means,2022-04-13 - Milwaukee Brewers (4) @ Baltimore Orioles (2) (Final),Brad Boxberger,R,4,Baltimore Orioles,663433,Milwaukee Brewers,2,1,Josh Hader,110,Baltimore Orioles,MIL wins 2-1,Jorge Lopez,[]
,Adam Wainwright,N,,Top,,American Family Field,2022-04-14T21:14:00Z,138,2022-04-14,32,9,Final,St. Louis Cardinals,Brandon Woodruff,2022-04-14 - St. Louis Cardinals (1) @ Milwaukee Brewers (5) (Final),Brandon Woodruff,R,1,Milwaukee Brewers,661292,Milwaukee Brewers,5,1,,158,St. Louis Cardinals,MIL leads 1-0,Adam Wainwright,[]
,Miles Mikolas,N,,Bottom,,American Family Field,2022-04-16T00:10:00Z,138,2022-04-15,32,9,Final,St. Louis Cardinals,Freddy Peralta,2022-04-15 - St. Louis Cardinals (10) @ Milwaukee Brewers (1) (Final),Miles Mikolas,R,10,Milwaukee Brewers,661267,St. Louis Cardinals,1,1,,158,Milwaukee Brewers,Series tied 1-1,Freddy Peralta,[]
,Steven Matz,N,,Bottom,,American Family Field,2022-04-16T23:10:00Z,138,2022-04-16,32,9,Final,St. Louis Cardinals,Adrian Houser,2022-04-16 - St. Louis Cardinals (2) @ Milwaukee Brewers (1) (Final),Steven Matz,R,2,Milwaukee Brewers,661335,St. Louis Cardinals,1,1,Giovanny Gallegos,158,Milwaukee Brewers,STL leads 2-1,Adrian Houser,['MLBN (out-of-market only)']
,Dakota Hudson,N,,Top,,American Family Field,2022-04-17T18:10:00Z,138,2022-04-17,32,9,Final,St. Louis Cardinals,Aaron Ashby,2022-04-17 - St. Louis Cardinals (5) @ Milwaukee Brewers (6) (Final),Jake Cousins,R,5,Milwaukee Brewers,661226,Milwaukee Brewers,6,1,Josh Hader,158,St. Louis Cardinals,Series tied 2-2,Dakota Hudson,[]
,Zach Thompson,N,,Top,,American Family Field,2022-04-18T23:40:00Z,134,2022-04-18,32,9,Final,Pittsburgh Pirates,Eric Lauer,2022-04-18 - Pittsburgh Pirates (1) @ Milwaukee Brewers (6) (Final),Eric Lauer,R,1,Milwaukee Brewers,661242,Milwaukee Brewers,6,1,,158,Pittsburgh Pirates,MIL leads 1-0,Zach Thompson,['MLB.tv Free Game']
,JT Brubaker,N,,Top,,American Family Field,2022-04-19T23:40:00Z,134,2022-04-19,32,9,Final,Pittsburgh Pirates,Corbin Burnes,2022-04-19 - Pittsburgh Pirates (2) @ Milwaukee Brewers (5) (Final),Corbin Burnes,R,2,Milwaukee Brewers,661211,Milwaukee Brewers,5,1,Josh Hader,158,Pittsburgh Pirates,MIL wins 2-0,JT Brubaker,[]
,Mitch Keller,N,,Top,,American Family Field,2022-04-20T17:40:00Z,134,2022-04-20,32,9,Final,Pittsburgh Pirates,Brandon Woodruff,2022-04-20 - Pittsburgh Pirates (2) @ Milwaukee Brewers (4) (Final),Brandon Woodruff,R,2,Milwaukee Brewers,661203,Milwaukee Brewers,4,1,Josh Hader,158,Pittsburgh Pirates,MIL wins 3-0,Mitch Keller,[]
,Freddy Peralta,N,,Top,,Citizens Bank Park,2022-04-22T23:05:00Z,158,2022-04-22,2681,9,Final,Milwaukee Brewers,Ranger Suarez,2022-04-22 - Milwaukee Brewers (2) @ Philadelphia Phillies (4) (Final),Nick Nelson,R,2,Philadelphia Phillies,661621,Philadelphia Phillies,4,1,Corey Knebel,143,Milwaukee Brewers,PHI leads 1-0,Aaron Ashby,[]
,Adrian Houser,N,,Bottom,,Citizens Bank Park,2022-04-23T20:05:00Z,158,2022-04-23,2681,9,Final,Milwaukee Brewers,Zack Wheeler,2022-04-23 - Milwaukee Brewers (5) @ Philadelphia Phillies (3) (Final),Adrian Houser,R,5,Philadelphia Phillies,661620,Milwaukee Brewers,3,1,Josh Hader,143,Philadelphia Phillies,Series tied 1-1,Zack Wheeler,[]
,Eric Lauer,N,,Bottom,,Citizens Bank Park,2022-04-24T23:08:00Z,158,2022-04-24,2681,9,Final,Milwaukee Brewers,Aaron Nola,2022-04-24 - Milwaukee Brewers (1) @ Philadelphia Phillies (0) (Final),Devin Williams,R,1,Philadelphia Phillies,661640,Milwaukee Brewers,0,1,Josh Hader,143,Philadelphia Phillies,MIL wins 2-1,Corey Knebel,['ESPN']
,Sam Long,N,,Bottom,,American Family Field,2022-04-25T22:10:00Z,137,2022-04-25,32,9,Final,San Francisco Giants,Corbin Burnes,2022-04-25 - San Francisco Giants (4) @ Milwaukee Brewers (2) (Final),Jake McGee,R,4,Milwaukee Brewers,661210,San Francisco Giants,2,1,Camilo Doval,158,Milwaukee Brewers,SF wins Season,Jake Cousins,['MLB.tv Free Game']
,Brandon Woodruff,N,,Bottom,,PNC Park,2022-04-26T22:35:00Z,158,2022-04-26,31,9,Final,Milwaukee Brewers,Mitch Keller,2022-04-26 - Milwaukee Brewers (12) @ Pittsburgh Pirates (8) (Final),Brent Suter,R,12,Pittsburgh Pirates,662297,Milwaukee Brewers,8,1,Josh Hader,134,Pittsburgh Pirates,MIL leads 1-0,Aaron Fletcher,[]
,Aaron Ashby,N,,Bottom,,PNC Park,2022-04-27T22:35:00Z,158,2022-04-27,31,9,Final,Milwaukee Brewers,Dillon Peters,2022-04-27 - Milwaukee Brewers (3) @ Pittsburgh Pirates (1) (Final),Trevor Gott,R,3,Pittsburgh Pirates,662289,Milwaukee Brewers,1,1,Josh Hader,134,Pittsburgh Pirates,MIL wins 2-0,Wil Crowe,[]
,Freddy Peralta,N,,Bottom,,PNC Park,2022-04-28T16:35:00Z,158,2022-04-28,31,9,Final,Milwaukee Brewers,Jose Quintana,2022-04-28 - Milwaukee Brewers (3) @ Pittsburgh Pirates (2) (Final),Hoby Milner,R,3,Pittsburgh Pirates,662295,Milwaukee Brewers,2,1,Devin Williams,134,Pittsburgh Pirates,MIL wins 3-0,Chris Stratton,[]
,Kyle Hendricks,N,,Top,,American Family Field,2022-04-30T00:10:00Z,112,2022-04-29,32,9,Final,Chicago Cubs,Adrian Houser,2022-04-29 - Chicago Cubs (1) @ Milwaukee Brewers (11) (Final),Adrian Houser,R,1,Milwaukee Brewers,661209,Milwaukee Brewers,11,1,,158,Chicago Cubs,MIL leads 1-0,Kyle Hendricks,[]
,Justin Steele,N,,Top,,American Family Field,2022-04-30T23:10:00Z,112,2022-04-30,32,9,Final,Chicago Cubs,Eric Lauer,2022-04-30 - Chicago Cubs (1) @ Milwaukee Brewers (9) (Final),Eric Lauer,R,1,Milwaukee Brewers,661208,Milwaukee Brewers,9,1,,158,Chicago Cubs,MIL wins 2-0,Justin Steele,[]
,Marcus Stroman,N,,Bottom,,American Family Field,2022-05-01T18:10:00Z,112,2022-05-01,32,9,Final,Chicago Cubs,Corbin Burnes,2022-05-01 - Chicago Cubs (2) @ Milwaukee Brewers (0) (Final),Marcus Stroman,R,2,Milwaukee Brewers,661216,Chicago Cubs,0,1,David Robertson,158,Milwaukee Brewers,MIL wins 2-1,Corbin Burnes,[]
,Tyler Mahle,N,,Top,,American Family Field,2022-05-03T23:40:00Z,113,2022-05-03,32,9,Final,Cincinnati Reds,Brandon Woodruff,2022-05-03 - Cincinnati Reds (3) @ Milwaukee Brewers (6) (Final),Brandon Woodruff,R,3,Milwaukee Brewers,661200,Milwaukee Brewers,6,1,Devin Williams,158,Cincinnati Reds,MIL leads 1-0,Tyler Mahle,[]
,Vladimir Gutierrez,N,,Top,,American Family Field,2022-05-04T23:40:00Z,113,2022-05-04,32,9,Final,Cincinnati Reds,Freddy Peralta,2022-05-04 - Cincinnati Reds (4) @ Milwaukee Brewers (18) (Final),Freddy Peralta,R,4,Milwaukee Brewers,661197,Milwaukee Brewers,18,1,,158,Cincinnati Reds,MIL wins 2-0,Vladimir Gutierrez,[]
,Hunter Greene,N,,Top,,American Family Field,2022-05-05T17:40:00Z,113,2022-05-05,32,9,Final,Cincinnati Reds,Adrian Houser,2022-05-05 - Cincinnati Reds (5) @ Milwaukee Brewers (10) (Final),Adrian Houser,R,5,Milwaukee Brewers,661204,Milwaukee Brewers,10,1,,158,Cincinnati Reds,MIL wins 3-0,Hunter Greene,['MLB.tv Free Game']
,Eric Lauer,N,,Bottom,,Truist Park,2022-05-06T23:20:00Z,158,2022-05-06,4705,9,Final,Milwaukee Brewers,Jesse Chavez,2022-05-06 - Milwaukee Brewers (6) @ Atlanta Braves (3) (Final),Eric Lauer,R,6,Atlanta Braves,661541,Milwaukee Brewers,3,1,Josh Hader,144,Atlanta Braves,MIL leads 1-0,Collin McHugh,['MLB.tv Free Game']
,Corbin Burnes,N,,Top,,Truist Park,2022-05-07T23:20:00Z,158,2022-05-07,4705,9,Final,Milwaukee Brewers,Max Fried,2022-05-07 - Milwaukee Brewers (2) @ Atlanta Braves (3) (Final),Max Fried,R,2,Atlanta Braves,661540,Atlanta Braves,3,1,Kenley Jansen,144,Milwaukee Brewers,Series tied 1-1,Corbin Burnes,['MLB.tv Free Game']
,Aaron Ashby,N,,Top,,Truist Park,2022-05-08T17:35:00Z,158,2022-05-08,4705,9,Final,Milwaukee Brewers,Charlie Morton,2022-05-08 - Milwaukee Brewers (2) @ Atlanta Braves (9) (Final),Charlie Morton,R,2,Atlanta Braves,661550,Atlanta Braves,9,1,,144,Milwaukee Brewers,ATL wins 2-1,Aaron Ashby,['MLB.tv Free Game']
,Brandon Woodruff,N,,Top,,Great American Ball Park,2022-05-09T22:40:00Z,158,2022-05-09,2602,9,Final,Milwaukee Brewers,Luis Castillo,2022-05-09 - Milwaukee Brewers (5) @ Cincinnati Reds (10) (Final),Luis Cessa,R,5,Cincinnati Reds,663101,Cincinnati Reds,10,1,,113,Milwaukee Brewers,CIN leads 1-0,Brandon Woodruff,[]
,Freddy Peralta,N,,Bottom,,Great American Ball Park,2022-05-10T22:40:00Z,158,2022-05-10,2602,9,Final,Milwaukee Brewers,Hunter Greene,2022-05-10 - Milwaukee Brewers (5) @ Cincinnati Reds (4) (Final),Freddy Peralta,R,5,Cincinnati Reds,663090,Milwaukee Brewers,4,1,Josh Hader,113,Cincinnati Reds,Series tied 1-1,Hunter Greene,[]
,Adrian Houser,N,,Top,,Great American Ball Park,2022-05-11T16:35:00Z,158,2022-05-11,2602,9,Final,Milwaukee Brewers,Vladimir Gutierrez,2022-05-11 - Milwaukee Brewers (11) @ Cincinnati Reds (14) (Final),Alexis Diaz,R,11,Cincinnati Reds,663074,Cincinnati Reds,14,1,,113,Milwaukee Brewers,CIN wins 2-1,Adrian Houser,['YouTube']
,Corbin Burnes,N,,Bottom,,loanDepot park,2022-05-13T22:40:00Z,158,2022-05-13,4169,9,Final,Milwaukee Brewers,Pablo Lopez,2022-05-13 - Milwaukee Brewers (2) @ Miami Marlins (1) (Final),Devin Williams,R,2,Miami Marlins,661361,Milwaukee Brewers,1,1,Josh Hader,146,Miami Marlins,MIL leads 1-0,Tanner Scott,[]
,Eric Lauer,N,,Top,,loanDepot park,2022-05-14T22:10:00Z,158,2022-05-14,4169,9,Final,Milwaukee Brewers,Trevor Rogers,2022-05-14 - Milwaukee Brewers (3) @ Miami Marlins (9) (Final),Trevor Rogers,R,3,Miami Marlins,661414,Miami Marlins,9,1,,146,Milwaukee Brewers,Series tied 1-1,Eric Lauer,[]
,Brandon Woodruff,N,,Bottom,,loanDepot park,2022-05-15T17:40:00Z,158,2022-05-15,4169,9,Final,Milwaukee Brewers,Elieser Hernandez,2022-05-15 - Milwaukee Brewers (7) @ Miami Marlins (3) (Final),Brandon Woodruff,R,7,Miami Marlins,661403,Milwaukee Brewers,3,1,Aaron Ashby,146,Miami Marlins,MIL wins 2-1,Elieser Hernandez,[]
,Ian Anderson,N,,Top,,American Family Field,2022-05-16T23:40:00Z,144,2022-05-16,32,9,Final,Atlanta Braves,Freddy Peralta,2022-05-16 - Atlanta Braves (0) @ Milwaukee Brewers (1) (Final),Freddy Peralta,R,0,Milwaukee Brewers,661212,Milwaukee Brewers,1,1,Josh Hader,158,Atlanta Braves,MIL leads 1-0,Ian Anderson,[]
,Tucker Davidson,N,,Bottom,,American Family Field,2022-05-17T23:40:00Z,144,2022-05-17,32,9,Final,Atlanta Braves,Adrian Houser,2022-05-17 - Atlanta Braves (3) @ Milwaukee Brewers (0) (Final),Tucker Davidson,R,3,Milwaukee Brewers,661196,Atlanta Braves,0,1,Kenley Jansen,158,Milwaukee Brewers,Series tied 1-1,Adrian Houser,[]
,Max Fried,N,,Bottom,,American Family Field,2022-05-18T17:10:00Z,144,2022-05-18,32,11,Final,Atlanta Braves,Corbin Burnes,2022-05-18 - Atlanta Braves (6) @ Milwaukee Brewers (7) (Final),Trevor Kelley,R,6,Milwaukee Brewers,661202,Milwaukee Brewers,7,1,,158,Atlanta Braves,MIL wins 2-1,Jesse Chavez,['MLBN (out-of-market only)']
,Erick Fedde,N,,Top,,American Family Field,2022-05-21T00:10:00Z,120,2022-05-20,32,9,Final,Washington Nationals,Eric Lauer,2022-05-20 - Washington Nationals (0) @ Milwaukee Brewers (7) (Final),Eric Lauer,R,0,Milwaukee Brewers,661195,Milwaukee Brewers,7,1,,158,Washington Nationals,MIL leads 1-0,Erick Fedde,[]
,Patrick Corbin,N,,Top,,American Family Field,2022-05-21T23:10:00Z,120,2022-05-21,32,9,Final,Washington Nationals,Brandon Woodruff,2022-05-21 - Washington Nationals (1) @ Milwaukee Brewers (5) (Final),Brandon Woodruff,R,1,Milwaukee Brewers,661280,Milwaukee Brewers,5,1,Josh Hader,158,Washington Nationals,MIL wins 2-0,Patrick Corbin,[]
,Aaron Sanchez,N,,Bottom,,American Family Field,2022-05-22T18:10:00Z,120,2022-05-22,32,9,Final,Washington Nationals,Freddy Peralta,2022-05-22 - Washington Nationals (8) @ Milwaukee Brewers (2) (Final),Aaron Sanchez,R,8,Milwaukee Brewers,661248,Washington Nationals,2,1,,158,Milwaukee Brewers,MIL wins 2-1,Freddy Peralta,[]
,Adrian Houser,N,,Bottom,,Petco Park,2022-05-24T01:40:00Z,158,2022-05-23,2680,10,Final,Milwaukee Brewers,Nick Martinez,2022-05-23 - Milwaukee Brewers (2) @ San Diego Padres (3) (Final),Luis Garcia,R,2,San Diego Padres,662257,San Diego Padres,3,1,,135,Milwaukee Brewers,SD leads 1-0,Miguel Sanchez,[]
,Corbin Burnes,N,,Bottom,,Petco Park,2022-05-25T01:40:00Z,158,2022-05-24,2680,9,Final,Milwaukee Brewers,Blake Snell,2022-05-24 - Milwaukee Brewers (4) @ San Diego Padres (1) (Final),Corbin Burnes,R,4,San Diego Padres,662229,Milwaukee Brewers,1,1,Devin Williams,135,San Diego Padres,Series tied 1-1,Blake Snell,['TBS (out-of-market only)']
,Aaron Ashby,N,,Bottom,,Petco Park,2022-05-25T20:10:00Z,158,2022-05-25,2680,9,Final,Milwaukee Brewers,Yu Darvish,2022-05-25 - Milwaukee Brewers (2) @ San Diego Padres (1) (Final),Luis Perdomo,R,2,San Diego Padres,662228,Milwaukee Brewers,1,1,Devin Williams,135,San Diego Padres,MIL wins 2-1,Yu Darvish,[]
,Eric Lauer,N,,Bottom,,Busch Stadium,2022-05-26T23:45:00Z,158,2022-05-26,2889,9,Final,Milwaukee Brewers,Adam Wainwright,2022-05-26 - Milwaukee Brewers (4) @ St. Louis Cardinals (3) (Final),Eric Lauer,R,4,St. Louis Cardinals,661997,Milwaukee Brewers,3,1,Josh Hader,138,St. Louis Cardinals,MIL leads 1-0,Adam Wainwright,[]
,Brandon Woodruff,N,,Top,,Busch Stadium,2022-05-28T00:15:00Z,158,2022-05-27,2889,9,Final,Milwaukee Brewers,Dakota Hudson,2022-05-27 - Milwaukee Brewers (2) @ St. Louis Cardinals (4) (Final),Drew VerHagen,R,2,St. Louis Cardinals,661992,St. Louis Cardinals,4,1,Ryan Helsley,138,Milwaukee Brewers,Series tied 1-1,Brandon Woodruff,[]
,Adrian Houser,N,,Top,,Busch Stadium,2022-05-28T18:15:00Z,158,2022-05-28,2889,9,Final,Milwaukee Brewers,Matthew Liberatore,2022-05-28 - Milwaukee Brewers (3) @ St. Louis Cardinals (8) (Final),Matthew Liberatore,R,3,St. Louis Cardinals,661991,St. Louis Cardinals,8,1,,138,Milwaukee Brewers,STL leads 2-1,Adrian Houser,[]
,Corbin Burnes,N,,Bottom,,Busch Stadium,2022-05-29T18:15:00Z,158,2022-05-29,2889,9,Final,Milwaukee Brewers,Miles Mikolas,2022-05-29 - Milwaukee Brewers (8) @ St. Louis Cardinals (0) (Final),Corbin Burnes,R,8,St. Louis Cardinals,661990,Milwaukee Brewers,0,1,,138,St. Louis Cardinals,Series tied 2-2,Miles Mikolas,[]
,Ethan Small,S,,Bottom,,Wrigley Field,2022-05-30T17:05:00Z,158,2022-05-30,17,9,Final,Milwaukee Brewers,Matt Swarmer,2022-05-30 - Milwaukee Brewers (7) @ Chicago Cubs (6) (Final),Miguel Sanchez,R,7,Chicago Cubs,663149,Milwaukee Brewers,6,1,Josh Hader,112,Chicago Cubs,MIL leads 1-0,Daniel Norris,['MLBN (out-of-market only)']
,Aaron Ashby,S,,Bottom,,Wrigley Field,2022-05-30T23:40:00Z,158,2022-05-30,17,9,Final,Milwaukee Brewers,Drew Smyly,2022-05-30 - Milwaukee Brewers (3) @ Chicago Cubs (1) (Final),Aaron Ashby,R,3,Chicago Cubs,663147,Milwaukee Brewers,1,2,Josh Hader,112,Chicago Cubs,MIL leads 2-0,Anderson Espinoza,['MLBN']
,Eric Lauer,N,,Top,,Wrigley Field,2022-06-01T00:05:00Z,158,2022-05-31,17,9,Final,Milwaukee Brewers,Justin Steele,2022-05-31 - Milwaukee Brewers (7) @ Chicago Cubs (8) (Final),Mychal Givens,R,7,Chicago Cubs,663154,Chicago Cubs,8,1,David Robertson,112,Milwaukee Brewers,MIL leads 2-1,Brad Boxberger,[]
,Jason Alexander,N,,Bottom,,Wrigley Field,2022-06-02T00:05:00Z,158,2022-06-01,17,10,Final,Milwaukee Brewers,Kyle Hendricks,2022-06-01 - Milwaukee Brewers (3) @ Chicago Cubs (4) (Final),Mark Leiter Jr.,R,3,Chicago Cubs,663184,Chicago Cubs,4,1,,112,Milwaukee Brewers,Series tied 2-2,Hoby Milner,[]
,Sean Manaea,N,,Bottom,,American Family Field,2022-06-02T23:40:00Z,135,2022-06-02,32,9,Final,San Diego Padres,Adrian Houser,2022-06-02 - San Diego Padres (4) @ Milwaukee Brewers (5) (Final),Peter Strzelecki,R,4,Milwaukee Brewers,661340,Milwaukee Brewers,5,1,,158,San Diego Padres,MIL leads 1-0,Taylor Rogers,[]
,Joe Musgrove,N,,Bottom,,American Family Field,2022-06-04T00:10:00Z,135,2022-06-03,32,9,Final,San Diego Padres,Corbin Burnes,2022-06-03 - San Diego Padres (7) @ Milwaukee Brewers (0) (Final),Joe Musgrove,R,7,Milwaukee Brewers,661334,San Diego Padres,0,1,,158,Milwaukee Brewers,Series tied 1-1,Corbin Burnes,[]
,MacKenzie Gore,N,,Bottom,,American Family Field,2022-06-04T20:10:00Z,135,2022-06-04,32,9,Final,San Diego Padres,Aaron Ashby,2022-06-04 - San Diego Padres (4) @ Milwaukee Brewers (0) (Final),MacKenzie Gore,R,4,Milwaukee Brewers,661214,San Diego Padres,0,1,,158,Milwaukee Brewers,SD leads 2-1,Aaron Ashby,['MLBN (out-of-market only)']
,Mike Clevinger,N,,Bottom,,American Family Field,2022-06-05T18:10:00Z,135,2022-06-05,32,10,Final,San Diego Padres,Eric Lauer,2022-06-05 - San Diego Padres (6) @ Milwaukee Brewers (4) (Final),Tim Hill,R,6,Milwaukee Brewers,661241,San Diego Padres,4,1,Taylor Rogers,158,Milwaukee Brewers,SD wins 3-1,Trevor Gott,[]
,Ranger Suarez,N,,Bottom,,American Family Field,2022-06-08T00:10:00Z,143,2022-06-07,32,9,Final,Philadelphia Phillies,Jason Alexander,2022-06-07 - Philadelphia Phillies (3) @ Milwaukee Brewers (2) (Final),Connor Brogdon,R,3,Milwaukee Brewers,661205,Philadelphia Phillies,2,1,Corey Knebel,158,Milwaukee Brewers,PHI leads 1-0,Josh Hader,[]
,Aaron Nola,N,,Bottom,,American Family Field,2022-06-09T00:10:00Z,143,2022-06-08,32,9,Final,Philadelphia Phillies,Adrian Houser,2022-06-08 - Philadelphia Phillies (10) @ Milwaukee Brewers (0) (Final),Aaron Nola,R,10,Milwaukee Brewers,661188,Philadelphia Phillies,0,1,,158,Milwaukee Brewers,PHI wins 2-0,Adrian Houser,[]
,Zach Eflin,N,,Bottom,,American Family Field,2022-06-09T18:10:00Z,143,2022-06-09,32,9,Final,Philadelphia Phillies,Corbin Burnes,2022-06-09 - Philadelphia Phillies (8) @ Milwaukee Brewers (3) (Final),Seranthony Dominguez,R,8,Milwaukee Brewers,661194,Philadelphia Phillies,3,1,,158,Milwaukee Brewers,PHI wins 3-0,Corbin Burnes,['MLBN (out-of-market only)']
,Aaron Ashby,N,,Top,,Nationals Park,2022-06-10T23:05:00Z,158,2022-06-10,3309,9,Final,Milwaukee Brewers,Erick Fedde,2022-06-10 - Milwaukee Brewers (5) @ Washington Nationals (11) (Final),Erick Fedde,R,5,Washington Nationals,662511,Washington Nationals,11,1,,120,Milwaukee Brewers,WSH leads 1-0,Aaron Ashby,[]
,Eric Lauer,N,,Top,,Nationals Park,2022-06-11T20:05:00Z,158,2022-06-11,3309,9,Final,Milwaukee Brewers,Patrick Corbin,2022-06-11 - Milwaukee Brewers (6) @ Washington Nationals (8) (Final),Patrick Corbin,R,6,Washington Nationals,662510,Washington Nationals,8,1,,120,Milwaukee Brewers,WSH wins 2-0,Eric Lauer,[]
,Jason Alexander,N,,Bottom,,Nationals Park,2022-06-12T17:35:00Z,158,2022-06-12,3309,9,Final,Milwaukee Brewers,Paolo Espino,2022-06-12 - Milwaukee Brewers (4) @ Washington Nationals (1) (Final),Hoby Milner,R,4,Washington Nationals,662542,Milwaukee Brewers,1,1,Josh Hader,120,Washington Nationals,WSH wins 2-1,Paolo Espino,[]
,Adrian Houser,N,,Top,,Citi Field,2022-06-14T23:10:00Z,158,2022-06-14,3289,9,Final,Milwaukee Brewers,Chris Bassitt,2022-06-14 - Milwaukee Brewers (0) @ New York Mets (4) (Final),Chris Bassitt,R,0,New York Mets,662441,New York Mets,4,1,,121,Milwaukee Brewers,NYM leads 1-0,Adrian Houser,[]
,Corbin Burnes,N,,Bottom,,Citi Field,2022-06-15T23:10:00Z,158,2022-06-15,3289,9,Final,Milwaukee Brewers,David Peterson,2022-06-15 - Milwaukee Brewers (10) @ New York Mets (2) (Final),Corbin Burnes,R,10,New York Mets,662480,Milwaukee Brewers,2,1,,121,New York Mets,Series tied 1-1,David Peterson,['FS1']
,Aaron Ashby,N,,Top,,Citi Field,2022-06-16T23:10:00Z,158,2022-06-16,3289,9,Final,Milwaukee Brewers,Tylor Megill,2022-06-16 - Milwaukee Brewers (4) @ New York Mets (5) (Final),Drew Smith,R,4,New York Mets,662535,New York Mets,5,1,Edwin Diaz,121,Milwaukee Brewers,NYM wins 2-1,Brent Suter,[]
,Eric Lauer,N,,Bottom,,Great American Ball Park,2022-06-17T22:40:00Z,158,2022-06-17,2602,9,Final,Milwaukee Brewers,Hunter Greene,2022-06-17 - Milwaukee Brewers (5) @ Cincinnati Reds (4) (Final),Eric Lauer,R,5,Cincinnati Reds,663063,Milwaukee Brewers,4,1,Brad Boxberger,113,Cincinnati Reds,MIL leads 1-0,Ross Detwiler,[]
,Jason Alexander,N,,Bottom,,Great American Ball Park,2022-06-18T20:10:00Z,158,2022-06-18,2602,9,Final,Milwaukee Brewers,Graham Ashcraft,2022-06-18 - Milwaukee Brewers (7) @ Cincinnati Reds (3) (Final),Jason Alexander,R,7,Cincinnati Reds,663062,Milwaukee Brewers,3,1,,113,Cincinnati Reds,MIL wins 2-0,Graham Ashcraft,[]
,Adrian Houser,N,,Bottom,,Great American Ball Park,2022-06-19T17:40:00Z,158,2022-06-19,2602,9,Final,Milwaukee Brewers,Mike Minor,2022-06-19 - Milwaukee Brewers (6) @ Cincinnati Reds (3) (Final),Adrian Houser,R,6,Cincinnati Reds,663061,Milwaukee Brewers,3,1,Devin Williams,113,Cincinnati Reds,MIL wins 3-0,Mike Minor,[]
,Miles Mikolas,N,,Top,,American Family Field,2022-06-21T00:10:00Z,138,2022-06-20,32,9,Final,St. Louis Cardinals,Corbin Burnes,2022-06-20 - St. Louis Cardinals (0) @ Milwaukee Brewers (2) (Final),Corbin Burnes,R,0,Milwaukee Brewers,661186,Milwaukee Brewers,2,1,Josh Hader,158,St. Louis Cardinals,MIL leads 1-0,Miles Mikolas,['FS1']
,Jack Flaherty,N,,Bottom,,American Family Field,2022-06-22T00:10:00Z,138,2022-06-21,32,9,Final,St. Louis Cardinals,Chi Chi Gonzalez,2022-06-21 - St. Louis Cardinals (6) @ Milwaukee Brewers (2) (Final),Zack Thompson,R,6,Milwaukee Brewers,661192,St. Louis Cardinals,2,1,,158,Milwaukee Brewers,Series tied 1-1,Chi Chi Gonzalez,['MLB.tv Free Game']
,Adam Wainwright,N,,Bottom,,American Family Field,2022-06-23T00:10:00Z,138,2022-06-22,32,9,Final,St. Louis Cardinals,Eric Lauer,2022-06-22 - St. Louis Cardinals (5) @ Milwaukee Brewers (4) (Final),Johan Oviedo,R,5,Milwaukee Brewers,661230,St. Louis Cardinals,4,1,Genesis Cabrera,158,Milwaukee Brewers,STL leads 2-1,Eric Lauer,[]
,Dakota Hudson,N,,Top,,American Family Field,2022-06-23T18:10:00Z,138,2022-06-23,32,9,Final,St. Louis Cardinals,Jason Alexander,2022-06-23 - St. Louis Cardinals (4) @ Milwaukee Brewers (6) (Final),Jason Alexander,R,4,Milwaukee Brewers,661183,Milwaukee Brewers,6,1,Josh Hader,158,St. Louis Cardinals,Series tied 2-2,Dakota Hudson,[]
,Alek Manoah,N,,Bottom,,American Family Field,2022-06-25T00:10:00Z,141,2022-06-24,32,9,Final,Toronto Blue Jays,Adrian Houser,2022-06-24 - Toronto Blue Jays (9) @ Milwaukee Brewers (4) (Final),Alek Manoah,R,9,Milwaukee Brewers,661190,Toronto Blue Jays,4,1,,158,Milwaukee Brewers,TOR leads 1-0,Adrian Houser,[]
,Yusei Kikuchi,N,,Top,,American Family Field,2022-06-25T20:10:00Z,141,2022-06-25,32,9,Final,Toronto Blue Jays,Corbin Burnes,2022-06-25 - Toronto Blue Jays (4) @ Milwaukee Brewers (5) (Final),Corbin Burnes,R,4,Milwaukee Brewers,661264,Milwaukee Brewers,5,1,Josh Hader,158,Toronto Blue Jays,Series tied 1-1,Yusei Kikuchi,[]
,Jose Berrios,N,,Top,,American Family Field,2022-06-26T18:10:00Z,141,2022-06-26,32,9,Final,Toronto Blue Jays,Chi Chi Gonzalez,2022-06-26 - Toronto Blue Jays (3) @ Milwaukee Brewers (10) (Final),Jandel Gustave,R,3,Milwaukee Brewers,661206,Milwaukee Brewers,10,1,,158,Toronto Blue Jays,MIL wins 2-1,Jose Berrios,[]
,Brandon Woodruff,N,,Bottom,,Tropicana Field,2022-06-28T23:10:00Z,158,2022-06-28,12,9,Final,Milwaukee Brewers,Shane Baz,2022-06-28 - Milwaukee Brewers (5) @ Tampa Bay Rays (3) (Final),Brandon Woodruff,R,5,Tampa Bay Rays,661885,Milwaukee Brewers,3,1,Josh Hader,139,Tampa Bay Rays,MIL leads 1-0,Matt Wisler,[]
,Eric Lauer,N,,Bottom,,Tropicana Field,2022-06-29T16:10:00Z,158,2022-06-29,12,9,Final,Milwaukee Brewers,Jalen Beeks,2022-06-29 - Milwaukee Brewers (5) @ Tampa Bay Rays (3) (Final),Brad Boxberger,R,5,Tampa Bay Rays,661879,Milwaukee Brewers,3,1,Josh Hader,139,Tampa Bay Rays,MIL wins 2-0,Calvin Faucher,[]
,Adrian Houser,N,,Top,,PNC Park,2022-06-30T23:05:00Z,158,2022-06-30,31,9,Final,Milwaukee Brewers,JT Brubaker,2022-06-30 - Milwaukee Brewers (7) @ Pittsburgh Pirates (8) (Final),JT Brubaker,R,7,Pittsburgh Pirates,661105,Pittsburgh Pirates,8,1,Yerry De Los Santos,134,Milwaukee Brewers,PIT leads 1-0,Brent Suter,['MLB.tv Free Game']
,Corbin Burnes,N,,Bottom,,PNC Park,2022-07-01T23:05:00Z,158,2022-07-01,31,9,Final,Milwaukee Brewers,Roansy Contreras,2022-07-01 - Milwaukee Brewers (19) @ Pittsburgh Pirates (2) (Final),Corbin Burnes,R,19,Pittsburgh Pirates,661104,Milwaukee Brewers,2,1,,134,Pittsburgh Pirates,Series tied 1-1,Roansy Contreras,[]
,Aaron Ashby,N,,Top,,PNC Park,2022-07-02T20:05:00Z,158,2022-07-02,31,9,Final,Milwaukee Brewers,Bryse Wilson,2022-07-02 - Milwaukee Brewers (4) @ Pittsburgh Pirates (7) (Final),Bryse Wilson,R,4,Pittsburgh Pirates,661103,Pittsburgh Pirates,7,1,David Bednar,134,Milwaukee Brewers,PIT leads 2-1,Aaron Ashby,[]
,Brandon Woodruff,N,,Bottom,,PNC Park,2022-07-03T17:35:00Z,158,2022-07-03,31,9,Final,Milwaukee Brewers,Zach Thompson,2022-07-03 - Milwaukee Brewers (2) @ Pittsburgh Pirates (0) (Final),Brandon Woodruff,R,2,Pittsburgh Pirates,661102,Milwaukee Brewers,0,1,Josh Hader,134,Pittsburgh Pirates,Series tied 2-2,Zach Thompson,[]
,Justin Steele,N,,Bottom,,American Family Field,2022-07-04T20:10:00Z,112,2022-07-04,32,10,Final,Chicago Cubs,Eric Lauer,2022-07-04 - Chicago Cubs (2) @ Milwaukee Brewers (5) (Final),Brad Boxberger,R,2,Milwaukee Brewers,661181,Milwaukee Brewers,5,1,,158,Chicago Cubs,MIL leads 1-0,Scott Effross,[]
,Kyle Hendricks,N,,Bottom,,American Family Field,2022-07-06T00:10:00Z,112,2022-07-05,32,9,Final,Chicago Cubs,Jason Alexander,2022-07-05 - Chicago Cubs (8) @ Milwaukee Brewers (3) (Final),Matt Swarmer,R,8,Milwaukee Brewers,661187,Chicago Cubs,3,1,,158,Milwaukee Brewers,Series tied 1-1,Jason Alexander,[]
,Adrian Sampson,N,,Bottom,,American Family Field,2022-07-06T18:10:00Z,112,2022-07-06,32,9,Final,Chicago Cubs,Corbin Burnes,2022-07-06 - Chicago Cubs (2) @ Milwaukee Brewers (1) (Final),Mychal Givens,R,2,Milwaukee Brewers,661225,Chicago Cubs,1,1,David Robertson,158,Milwaukee Brewers,CHC wins 2-1,Josh Hader,['MLB.tv Free Game']
,JT Brubaker,N,,Top,,American Family Field,2022-07-09T00:10:00Z,134,2022-07-08,32,9,Final,Pittsburgh Pirates,Aaron Ashby,2022-07-08 - Pittsburgh Pirates (3) @ Milwaukee Brewers (4) (Final),Aaron Ashby,R,3,Milwaukee Brewers,661177,Milwaukee Brewers,4,1,Josh Hader,158,Pittsburgh Pirates,MIL leads 1-0,JT Brubaker,['Apple TV+']
,Zach Thompson,N,,Bottom,,American Family Field,2022-07-09T20:10:00Z,134,2022-07-09,32,9,Final,Pittsburgh Pirates,Brandon Woodruff,2022-07-09 - Pittsburgh Pirates (4) @ Milwaukee Brewers (3) (Final),Chase De Jong,R,4,Milwaukee Brewers,661224,Pittsburgh Pirates,3,1,David Bednar,158,Milwaukee Brewers,Series tied 1-1,Brad Boxberger,[]
,Jose Quintana,N,,Bottom,,American Family Field,2022-07-10T18:10:00Z,134,2022-07-10,32,9,Final,Pittsburgh Pirates,Eric Lauer,2022-07-10 - Pittsburgh Pirates (8) @ Milwaukee Brewers (6) (Final),Chris Stratton,R,8,Milwaukee Brewers,661178,Pittsburgh Pirates,6,1,,158,Milwaukee Brewers,PIT wins 2-1,Trevor Gott,[]
,Jason Alexander,N,,Bottom,,Target Field,2022-07-12T23:40:00Z,158,2022-07-12,3312,9,Final,Milwaukee Brewers,Josh Winder,2022-07-12 - Milwaukee Brewers (6) @ Minnesota Twins (3) (Final),Jandel Gustave,R,6,Minnesota Twins,661688,Milwaukee Brewers,3,1,Josh Hader,142,Minnesota Twins,MIL leads 1-0,Josh Winder,[]
,Aaron Ashby,N,,Bottom,,Target Field,2022-07-13T17:10:00Z,158,2022-07-13,3312,9,Final,Milwaukee Brewers,Joe Ryan,2022-07-13 - Milwaukee Brewers (1) @ Minnesota Twins (4) (Final),Jhoan Duran,R,1,Minnesota Twins,661687,Minnesota Twins,4,1,,142,Milwaukee Brewers,Series tied 1-1,Josh Hader,['YouTube']
,Corbin Burnes,N,,Bottom,,Oracle Park,2022-07-15T01:45:00Z,158,2022-07-14,2395,10,Final,Milwaukee Brewers,Carlos Rodon,2022-07-14 - Milwaukee Brewers (3) @ San Francisco Giants (2) (Final),Trevor Gott,R,3,San Francisco Giants,662109,Milwaukee Brewers,2,1,Devin Williams,137,San Francisco Giants,MIL leads 1-0,Camilo Doval,[]
,Brandon Woodruff,N,,Bottom,,Oracle Park,2022-07-16T02:15:00Z,158,2022-07-15,2395,9,Final,Milwaukee Brewers,Alex Wood,2022-07-15 - Milwaukee Brewers (5) @ San Francisco Giants (8) (Final),Sam Long,R,5,San Francisco Giants,662072,San Francisco Giants,8,1,,137,Milwaukee Brewers,Series tied 1-1,Josh Hader,[]
,Eric Lauer,N,,Top,,Oracle Park,2022-07-16T23:15:00Z,158,2022-07-16,2395,9,Final,Milwaukee Brewers,Alex Cobb,2022-07-16 - Milwaukee Brewers (1) @ San Francisco Giants (2) (Final),John Brebbia,R,1,San Francisco Giants,662113,San Francisco Giants,2,1,Dominic Leone,137,Milwaukee Brewers,SF leads 2-1,Brent Suter,['FOX']
,Aaron Ashby,N,,Top,,Oracle Park,2022-07-17T20:05:00Z,158,2022-07-17,2395,9,Final,Milwaukee Brewers,Logan Webb,2022-07-17 - Milwaukee Brewers (5) @ San Francisco Giants (9) (Final),Logan Webb,R,5,San Francisco Giants,662059,San Francisco Giants,9,1,,137,Milwaukee Brewers,SF wins 3-1,Aaron Ashby,['MLB.tv Free Game']
,Antonio Senzatela,N,,Bottom,,American Family Field,2022-07-23T00:10:00Z,115,2022-07-22,32,13,Final,Colorado Rockies,Corbin Burnes,2022-07-22 - Colorado Rockies (5) @ Milwaukee Brewers (6) (Final),Brent Suter,R,5,Milwaukee Brewers,661193,Milwaukee Brewers,6,1,,158,Colorado Rockies,MIL leads 1-0,Jake Bird,['MLB.tv Free Game']
,Jose Urena,N,,Top,,American Family Field,2022-07-23T23:10:00Z,115,2022-07-23,32,9,Final,Colorado Rockies,Brandon Woodruff,2022-07-23 - Colorado Rockies (4) @ Milwaukee Brewers (9) (Final),Brandon Woodruff,R,4,Milwaukee Brewers,661201,Milwaukee Brewers,9,1,,158,Colorado Rockies,MIL leads 2-0,Jose Urena,['MLB.tv Free Game']
,Chad Kuhl,N,,Top,,American Family Field,2022-07-24T18:10:00Z,115,2022-07-24,32,9,Final,Colorado Rockies,Eric Lauer,2022-07-24 - Colorado Rockies (9) @ Milwaukee Brewers (10) (Final),Brent Suter,R,9,Milwaukee Brewers,661184,Milwaukee Brewers,10,1,Josh Hader,158,Colorado Rockies,MIL wins 3-0,Alex Colome,['MLB.tv Free Game']
,Kyle Freeland,N,,Bottom,,American Family Field,2022-07-26T00:10:00Z,115,2022-07-25,32,9,Final,Colorado Rockies,Aaron Ashby,2022-07-25 - Colorado Rockies (2) @ Milwaukee Brewers (0) (Final),Kyle Freeland,R,2,Milwaukee Brewers,661231,Colorado Rockies,0,1,Daniel Bard,158,Milwaukee Brewers,MIL wins 3-1,Aaron Ashby,[]
,Dylan Bundy,N,,Bottom,,American Family Field,2022-07-27T00:10:00Z,142,2022-07-26,32,9,Final,Minnesota Twins,Ethan Small,2022-07-26 - Minnesota Twins (6) @ Milwaukee Brewers (7) (Final),Josh Hader,R,6,Milwaukee Brewers,661281,Milwaukee Brewers,7,1,,158,Minnesota Twins,MIL leads 1-0,Tyler Duffey,[]
,Chris Archer,N,,Top,,American Family Field,2022-07-27T18:10:00Z,142,2022-07-27,32,9,Final,Minnesota Twins,Corbin Burnes,2022-07-27 - Minnesota Twins (4) @ Milwaukee Brewers (10) (Final),Corbin Burnes,R,4,Milwaukee Brewers,661249,Milwaukee Brewers,10,1,,158,Minnesota Twins,MIL wins 2-0,Chris Archer,['YouTube']
,Brandon Woodruff,N,,Bottom,,Fenway Park,2022-07-29T23:10:00Z,158,2022-07-29,3,9,Final,Milwaukee Brewers,Austin Davis,2022-07-29 - Milwaukee Brewers (4) @ Boston Red Sox (1) (Final),Brandon Woodruff,R,4,Boston Red Sox,663190,Milwaukee Brewers,1,1,Josh Hader,111,Boston Red Sox,MIL leads 1-0,Brayan Bello,[]
,Eric Lauer,N,,Bottom,,Fenway Park,2022-07-30T20:10:00Z,158,2022-07-30,3,9,Final,Milwaukee Brewers,Nick Pivetta,2022-07-30 - Milwaukee Brewers (9) @ Boston Red Sox (4) (Final),Eric Lauer,R,9,Boston Red Sox,663192,Milwaukee Brewers,4,1,,111,Boston Red Sox,MIL wins 2-0,Nick Pivetta,['FS1']
,Aaron Ashby,N,,Top,,Fenway Park,2022-07-31T17:35:00Z,158,2022-07-31,3,9,Final,Milwaukee Brewers,Josh Winckowski,2022-07-31 - Milwaukee Brewers (2) @ Boston Red Sox (7) (Final),Josh Winckowski,R,2,Boston Red Sox,663189,Boston Red Sox,7,1,,111,Milwaukee Brewers,MIL wins 2-1,Aaron Ashby,['MLBN (out-of-market only)']
,Corbin Burnes,N,,Top,,PNC Park,2022-08-02T23:05:00Z,158,2022-08-02,31,9,Final,Milwaukee Brewers,Bryse Wilson,2022-08-02 - Milwaukee Brewers (3) @ Pittsburgh Pirates (5) (Final),Colin Holderman,R,3,Pittsburgh Pirates,662298,Pittsburgh Pirates,5,1,Wil Crowe,134,Milwaukee Brewers,PIT leads 1-0,Corbin Burnes,[]
,Freddy Peralta,N,,Bottom,,PNC Park,2022-08-03T23:05:00Z,158,2022-08-03,31,9,Final,Milwaukee Brewers,Tyler Beede,2022-08-03 - Milwaukee Brewers (7) @ Pittsburgh Pirates (8) (Final),Wil Crowe,R,7,Pittsburgh Pirates,662324,Pittsburgh Pirates,8,1,,134,Milwaukee Brewers,PIT wins 2-0,Devin Williams,['MLB.tv Free Game']
,Brandon Woodruff,N,,Bottom,,PNC Park,2022-08-04T16:35:00Z,158,2022-08-04,31,10,Final,Milwaukee Brewers,Zach Thompson,2022-08-04 - Milwaukee Brewers (4) @ Pittsburgh Pirates (5) (Final),Duane Underwood Jr.,R,4,Pittsburgh Pirates,662303,Pittsburgh Pirates,5,1,,134,Milwaukee Brewers,PIT wins 3-0,Matt Bush,['MLBN (out-of-market only)']
,Robert Dugger,N,,Top,,American Family Field,2022-08-06T00:10:00Z,113,2022-08-05,32,9,Final,Cincinnati Reds,Eric Lauer,2022-08-05 - Cincinnati Reds (1) @ Milwaukee Brewers (5) (Final),Eric Lauer,R,1,Milwaukee Brewers,661174,Milwaukee Brewers,5,1,Devin Williams,158,Cincinnati Reds,MIL leads 1-0,Robert Dugger,['Apple TV+']
,Nick Lodolo,N,,Bottom,,American Family Field,2022-08-06T23:15:00Z,113,2022-08-06,32,9,Final,Cincinnati Reds,Aaron Ashby,2022-08-06 - Cincinnati Reds (7) @ Milwaukee Brewers (5) (Final),Buck Farmer,R,7,Milwaukee Brewers,661173,Cincinnati Reds,5,1,,158,Milwaukee Brewers,Series tied 1-1,Aaron Ashby,['FOX']
,Graham Ashcraft,N,,Bottom,,American Family Field,2022-08-07T18:10:00Z,113,2022-08-07,32,10,Final,Cincinnati Reds,Corbin Burnes,2022-08-07 - Cincinnati Reds (4) @ Milwaukee Brewers (2) (Final),Hunter Strickland,R,4,Milwaukee Brewers,661172,Cincinnati Reds,2,1,Ross Detwiler,158,Milwaukee Brewers,CIN wins 2-1,Devin Williams,[]
,Jimmy Yacabonis,N,,Top,,American Family Field,2022-08-10T00:10:00Z,139,2022-08-09,32,9,Final,Tampa Bay Rays,Freddy Peralta,2022-08-09 - Tampa Bay Rays (3) @ Milwaukee Brewers (5) (Final),Freddy Peralta,R,3,Milwaukee Brewers,661182,Milwaukee Brewers,5,1,Matt Bush,158,Tampa Bay Rays,MIL leads 1-0,Ryan Yarbrough,[]
,Jeffrey Springs,N,,Bottom,,American Family Field,2022-08-10T18:10:00Z,139,2022-08-10,32,10,Final,Tampa Bay Rays,Brandon Woodruff,2022-08-10 - Tampa Bay Rays (3) @ Milwaukee Brewers (4) (Final),Devin Williams,R,3,Milwaukee Brewers,661207,Milwaukee Brewers,4,1,,158,Tampa Bay Rays,MIL wins 2-0,Ryan Thompson,[]
,Eric Lauer,N,,Top,,Busch Stadium,2022-08-13T00:15:00Z,158,2022-08-12,2889,9,Final,Milwaukee Brewers,Jordan Montgomery,2022-08-12 - Milwaukee Brewers (1) @ St. Louis Cardinals (3) (Final),Jordan Montgomery,R,1,St. Louis Cardinals,661947,St. Louis Cardinals,3,1,Ryan Helsley,138,Milwaukee Brewers,STL leads 1-0,Eric Lauer,[]
,Corbin Burnes,N,,Bottom,,Busch Stadium,2022-08-13T23:15:00Z,158,2022-08-13,2889,10,Final,Milwaukee Brewers,Adam Wainwright,2022-08-13 - Milwaukee Brewers (3) @ St. Louis Cardinals (2) (Final),Devin Williams,R,3,St. Louis Cardinals,661951,Milwaukee Brewers,2,1,Matt Bush,138,St. Louis Cardinals,Series tied 1-1,Giovanny Gallegos,[]
,Aaron Ashby,N,,Top,,Busch Stadium,2022-08-14T18:15:00Z,158,2022-08-14,2889,9,Final,Milwaukee Brewers,Miles Mikolas,2022-08-14 - Milwaukee Brewers (3) @ St. Louis Cardinals (6) (Final),Miles Mikolas,R,3,St. Louis Cardinals,661957,St. Louis Cardinals,6,1,,138,Milwaukee Brewers,STL wins 2-1,Taylor Rogers,[]
,Julio Urias,N,,Bottom,,American Family Field,2022-08-16T00:10:00Z,119,2022-08-15,32,9,Final,Los Angeles Dodgers,Freddy Peralta,2022-08-15 - Los Angeles Dodgers (4) @ Milwaukee Brewers (0) (Final),Julio Urias,R,4,Milwaukee Brewers,661199,Los Angeles Dodgers,0,1,,158,Milwaukee Brewers,LAD leads 1-0,Freddy Peralta,[]
,Ryan Pepiot,N,,Bottom,,American Family Field,2022-08-17T00:10:00Z,119,2022-08-16,32,11,Final,Los Angeles Dodgers,Brandon Woodruff,2022-08-16 - Los Angeles Dodgers (4) @ Milwaukee Brewers (5) (Final),Brent Suter,R,4,Milwaukee Brewers,661191,Milwaukee Brewers,5,1,,158,Los Angeles Dodgers,Series tied 1-1,Craig Kimbrel,[]
,Tony Gonsolin,N,,Bottom,,American Family Field,2022-08-18T00:10:00Z,119,2022-08-17,32,9,Final,Los Angeles Dodgers,Eric Lauer,2022-08-17 - Los Angeles Dodgers (2) @ Milwaukee Brewers (1) (Final),Tony Gonsolin,R,2,Milwaukee Brewers,661171,Los Angeles Dodgers,1,1,Craig Kimbrel,158,Milwaukee Brewers,LAD leads 2-1,Eric Lauer,['FS1']
,Andrew Heaney,N,,Top,,American Family Field,2022-08-18T18:10:00Z,119,2022-08-18,32,9,Final,Los Angeles Dodgers,Corbin Burnes,2022-08-18 - Los Angeles Dodgers (3) @ Milwaukee Brewers (5) (Final),Corbin Burnes,R,3,Milwaukee Brewers,661179,Milwaukee Brewers,5,1,Devin Williams,158,Los Angeles Dodgers,Series tied 2-2,Andrew Heaney,['MLBN (out-of-market only)']
,Aaron Ashby,N,,Top,,Wrigley Field,2022-08-19T18:20:00Z,158,2022-08-19,17,9,Final,Milwaukee Brewers,Keegan Thompson,2022-08-19 - Milwaukee Brewers (7) @ Chicago Cubs (8) (Final),Michael Rucker,R,7,Chicago Cubs,663228,Chicago Cubs,8,1,Brandon Hughes,112,Milwaukee Brewers,CHC leads 1-0,Hoby Milner,['MLBN (out-of-market only)']
,Freddy Peralta,N,,Bottom,,Wrigley Field,2022-08-20T18:20:00Z,158,2022-08-20,17,11,Final,Milwaukee Brewers,Marcus Stroman,2022-08-20 - Milwaukee Brewers (5) @ Chicago Cubs (6) (Final),Erich Uelmen,R,5,Chicago Cubs,663116,Chicago Cubs,6,1,,112,Milwaukee Brewers,CHC wins 2-0,Peter Strzelecki,['FS1']
,Brandon Woodruff,N,,Bottom,,Wrigley Field,2022-08-21T18:20:00Z,158,2022-08-21,17,9,Final,Milwaukee Brewers,Justin Steele,2022-08-21 - Milwaukee Brewers (5) @ Chicago Cubs (2) (Final),Brent Suter,R,5,Chicago Cubs,663115,Milwaukee Brewers,2,1,Taylor Rogers,112,Chicago Cubs,CHC wins 2-1,Rowan Wick,[]
,Eric Lauer,N,,Bottom,,Dodger Stadium,2022-08-23T02:10:00Z,158,2022-08-22,22,9,Final,Milwaukee Brewers,Julio Urias,2022-08-22 - Milwaukee Brewers (4) @ Los Angeles Dodgers (0) (Final),Eric Lauer,R,4,Los Angeles Dodgers,662594,Milwaukee Brewers,0,1,,119,Los Angeles Dodgers,MIL leads 1-0,Julio Urias,[]
,Corbin Burnes,N,,Top,,Dodger Stadium,2022-08-24T02:10:00Z,158,2022-08-23,22,9,Final,Milwaukee Brewers,Tony Gonsolin,2022-08-23 - Milwaukee Brewers (1) @ Los Angeles Dodgers (10) (Final),Tony Gonsolin,R,1,Los Angeles Dodgers,662605,Los Angeles Dodgers,10,1,,119,Milwaukee Brewers,Series tied 1-1,Corbin Burnes,[]
,Adrian Houser,N,,Top,,Dodger Stadium,2022-08-25T01:00:00Z,158,2022-08-24,22,9,Final,Milwaukee Brewers,Andrew Heaney,2022-08-24 - Milwaukee Brewers (6) @ Los Angeles Dodgers (12) (Final),Andrew Heaney,R,6,Los Angeles Dodgers,662604,Los Angeles Dodgers,12,1,,119,Milwaukee Brewers,LAD wins 2-1,Adrian Houser,[]
,Justin Steele,N,,Bottom,,American Family Field,2022-08-27T00:10:00Z,112,2022-08-26,32,10,Final,Chicago Cubs,Freddy Peralta,2022-08-26 - Chicago Cubs (4) @ Milwaukee Brewers (3) (Final),Sean Newcomb,R,4,Milwaukee Brewers,661189,Chicago Cubs,3,1,Manuel Rodriguez,158,Milwaukee Brewers,CHC leads 1-0,Devin Williams,['MLB.tv Free Game']
,Drew Smyly,N,,Top,,American Family Field,2022-08-27T23:10:00Z,112,2022-08-27,32,9,Final,Chicago Cubs,Brandon Woodruff,2022-08-27 - Chicago Cubs (0) @ Milwaukee Brewers (7) (Final),Taylor Rogers,R,0,Milwaukee Brewers,661180,Milwaukee Brewers,7,1,,158,Chicago Cubs,Series tied 1-1,Rowan Wick,[]
,Adrian Sampson,N,,Top,,American Family Field,2022-08-28T18:10:00Z,112,2022-08-28,32,9,Final,Chicago Cubs,Eric Lauer,2022-08-28 - Chicago Cubs (7) @ Milwaukee Brewers (9) (Final),Eric Lauer,R,7,Milwaukee Brewers,661168,Milwaukee Brewers,9,1,Devin Williams,158,Chicago Cubs,MIL wins 2-1,Sean Newcomb,[]
,Bryse Wilson,N,,Bottom,,American Family Field,2022-08-30T00:10:00Z,134,2022-08-29,32,9,Final,Pittsburgh Pirates,Corbin Burnes,2022-08-29 - Pittsburgh Pirates (5) @ Milwaukee Brewers (7) (Final),Devin Williams,R,5,Milwaukee Brewers,661167,Milwaukee Brewers,7,1,,158,Pittsburgh Pirates,MIL leads 1-0,Wil Crowe,[]
,Mitch Keller,N,,Bottom,,American Family Field,2022-08-31T00:10:00Z,134,2022-08-30,32,9,Final,Pittsburgh Pirates,Jason Alexander,2022-08-30 - Pittsburgh Pirates (4) @ Milwaukee Brewers (2) (Final),Manny Banuelos,R,4,Milwaukee Brewers,661166,Pittsburgh Pirates,2,1,Chase De Jong,158,Milwaukee Brewers,Series tied 1-1,Brad Boxberger,[]
,Zach Thompson,N,,Top,,American Family Field,2022-08-31T18:10:00Z,134,2022-08-31,32,9,Final,Pittsburgh Pirates,Freddy Peralta,2022-08-31 - Pittsburgh Pirates (1) @ Milwaukee Brewers (6) (Final),Taylor Rogers,R,1,Milwaukee Brewers,661165,Milwaukee Brewers,6,1,,158,Pittsburgh Pirates,MIL wins 2-1,Miguel Yajure,['MLBN (out-of-market only)']
,Brandon Woodruff,N,,Top,,Chase Field,2022-09-02T01:40:00Z,158,2022-09-01,15,9,Final,Milwaukee Brewers,Merrill Kelly,2022-09-01 - Milwaukee Brewers (0) @ Arizona Diamondbacks (5) (Final),Merrill Kelly,R,0,Arizona Diamondbacks,663290,Arizona Diamondbacks,5,1,,109,Milwaukee Brewers,AZ leads 1-0,Brandon Woodruff,[]
,Eric Lauer,N,,Top,,Chase Field,2022-09-03T01:40:00Z,158,2022-09-02,15,9,Final,Milwaukee Brewers,Zach Davies,2022-09-02 - Milwaukee Brewers (1) @ Arizona Diamondbacks (2) (Final),Kyle Nelson,R,1,Arizona Diamondbacks,663285,Arizona Diamondbacks,2,1,Ian Kennedy,109,Milwaukee Brewers,AZ leads 2-0,Eric Lauer,[]
,Corbin Burnes,N,,Bottom,,Chase Field,2022-09-04T00:10:00Z,158,2022-09-03,15,10,Final,Milwaukee Brewers,Madison Bumgarner,2022-09-03 - Milwaukee Brewers (8) @ Arizona Diamondbacks (6) (Final),Devin Williams,R,8,Arizona Diamondbacks,663321,Milwaukee Brewers,6,1,Taylor Rogers,109,Arizona Diamondbacks,AZ leads 2-1,Joe Mantiply,[]
,Jason Alexander,N,,Top,,Chase Field,2022-09-04T20:10:00Z,158,2022-09-04,15,9,Final,Milwaukee Brewers,Zac Gallen,2022-09-04 - Milwaukee Brewers (1) @ Arizona Diamondbacks (5) (Final),Zac Gallen,R,1,Arizona Diamondbacks,663311,Arizona Diamondbacks,5,1,,109,Milwaukee Brewers,AZ wins 3-1,Jason Alexander,[]
,Adrian Houser,N,,Bottom,,Coors Field,2022-09-05T20:10:00Z,158,2022-09-05,19,9,Final,Milwaukee Brewers,Ryan Feltner,2022-09-05 - Milwaukee Brewers (6) @ Colorado Rockies (4) (Final),Adrian Houser,R,6,Colorado Rockies,662860,Milwaukee Brewers,4,1,Devin Williams,115,Colorado Rockies,MIL leads 1-0,Ryan Feltner,[]
,Brandon Woodruff,N,,Bottom,,Coors Field,2022-09-07T00:40:00Z,158,2022-09-06,19,10,Final,Milwaukee Brewers,Chad Kuhl,2022-09-06 - Milwaukee Brewers (7) @ Colorado Rockies (10) (Final),Daniel Bard,R,7,Colorado Rockies,662859,Colorado Rockies,10,1,,115,Milwaukee Brewers,Series tied 1-1,Taylor Rogers,[]
,Eric Lauer,N,,Top,,Coors Field,2022-09-07T19:10:00Z,158,2022-09-07,19,9,Final,Milwaukee Brewers,Kyle Freeland,2022-09-07 - Milwaukee Brewers (4) @ Colorado Rockies (8) (Final),Kyle Freeland,R,4,Colorado Rockies,662871,Colorado Rockies,8,1,,115,Milwaukee Brewers,COL wins 2-1,Eric Lauer,['MLB.tv Free Game']
,Scott Alexander,Y,,Top,,American Family Field,2022-09-08T20:10:00Z,137,2022-09-08,32,9,Final,San Francisco Giants,Corbin Burnes,2022-09-08 - San Francisco Giants (1) @ Milwaukee Brewers (2) (Final),Corbin Burnes,R,1,Milwaukee Brewers,661219,Milwaukee Brewers,2,1,Devin Williams,158,San Francisco Giants,MIL leads 1-0,Jakob Junis,['MLBN (out-of-market only)']
,Alex Young,Y,,Top,,American Family Field,2022-09-08T20:15:00Z,137,2022-09-08,32,9,Final,San Francisco Giants,Freddy Peralta,2022-09-08 - San Francisco Giants (2) @ Milwaukee Brewers (4) (Final),Peter Strzelecki,R,2,Milwaukee Brewers,661233,Milwaukee Brewers,4,2,Taylor Rogers,158,San Francisco Giants,MIL wins 2-0,Alex Young,['MLBN (out-of-market only)']
,Nick Lodolo,N,,Bottom,,American Family Field,2022-09-10T00:10:00Z,113,2022-09-09,32,9,Final,Cincinnati Reds,Jason Alexander,2022-09-09 - Cincinnati Reds (8) @ Milwaukee Brewers (2) (Final),Nick Lodolo,R,8,Milwaukee Brewers,661185,Cincinnati Reds,2,1,,158,Milwaukee Brewers,CIN leads 1-0,Jason Alexander,[]
,Chase Anderson,N,,Top,,American Family Field,2022-09-10T23:15:00Z,113,2022-09-10,32,9,Final,Cincinnati Reds,Adrian Houser,2022-09-10 - Cincinnati Reds (1) @ Milwaukee Brewers (5) (Final),Adrian Houser,R,1,Milwaukee Brewers,661175,Milwaukee Brewers,5,1,,158,Cincinnati Reds,Series tied 1-1,Chase Anderson,[]
,Justin Dunn,N,,Top,,American Family Field,2022-09-11T18:10:00Z,113,2022-09-11,32,9,Final,Cincinnati Reds,Brandon Woodruff,2022-09-11 - Cincinnati Reds (6) @ Milwaukee Brewers (7) (Final),Brandon Woodruff,R,6,Milwaukee Brewers,661176,Milwaukee Brewers,7,1,Devin Williams,158,Cincinnati Reds,MIL wins 2-1,Justin Dunn,[]
,Matt Bush,N,,Bottom,,Busch Stadium,2022-09-13T23:45:00Z,158,2022-09-13,2889,9,Final,Milwaukee Brewers,Jordan Montgomery,2022-09-13 - Milwaukee Brewers (8) @ St. Louis Cardinals (4) (Final),Luis Perdomo,R,8,St. Louis Cardinals,661922,Milwaukee Brewers,4,1,,138,St. Louis Cardinals,MIL leads 1-0,Jordan Montgomery,[]
,Corbin Burnes,N,,Top,,Busch Stadium,2022-09-14T23:45:00Z,158,2022-09-14,2889,9,Final,Milwaukee Brewers,Adam Wainwright,2022-09-14 - Milwaukee Brewers (1) @ St. Louis Cardinals (4) (Final),Adam Wainwright,R,1,St. Louis Cardinals,661921,St. Louis Cardinals,4,1,Ryan Helsley,138,Milwaukee Brewers,Series tied 1-1,Corbin Burnes,['FS1']
,Frankie Montas,N,,Bottom,,American Family Field,2022-09-17T00:10:00Z,147,2022-09-16,32,9,Final,New York Yankees,Adrian Houser,2022-09-16 - New York Yankees (6) @ Milwaukee Brewers (7) (Final),Taylor Rogers,R,6,Milwaukee Brewers,661164,Milwaukee Brewers,7,1,,158,New York Yankees,MIL leads 1-0,Clay Holmes,['MLBN (out-of-market only)']
,Jameson Taillon,N,,Top,,American Family Field,2022-09-17T23:10:00Z,147,2022-09-17,32,9,Final,New York Yankees,Brandon Woodruff,2022-09-17 - New York Yankees (1) @ Milwaukee Brewers (4) (Final),Brandon Woodruff,R,1,Milwaukee Brewers,661163,Milwaukee Brewers,4,1,Devin Williams,158,New York Yankees,MIL wins 2-0,Jameson Taillon,['MLBN (out-of-market only)']
,Gerrit Cole,N,,Bottom,,American Family Field,2022-09-18T18:10:00Z,147,2022-09-18,32,9,Final,New York Yankees,Jason Alexander,2022-09-18 - New York Yankees (12) @ Milwaukee Brewers (8) (Final),Gerrit Cole,R,12,Milwaukee Brewers,661162,New York Yankees,8,1,,158,Milwaukee Brewers,MIL wins 2-1,Hoby Milner,['MLB.tv Free Game']
,Max Scherzer,N,,Bottom,,American Family Field,2022-09-19T23:40:00Z,121,2022-09-19,32,9,Final,New York Mets,Corbin Burnes,2022-09-19 - New York Mets (7) @ Milwaukee Brewers (2) (Final),Max Scherzer,R,7,Milwaukee Brewers,661161,New York Mets,2,1,,158,Milwaukee Brewers,NYM leads 1-0,Corbin Burnes,['MLBN (out-of-market only)']
,Sebastian Castro,N,,Bottom,,American Family Field,2022-09-20T23:40:00Z,121,2022-09-20,32,9,Final,New York Mets,Abraham Toro,2022-09-20 - New York Mets (7) @ Milwaukee Brewers (5) (Final),Joely Rodriguez,R,7,Milwaukee Brewers,661159,New York Mets,5,1,Edwin Diaz,158,Milwaukee Brewers,NYM wins 2-0,Taylor Rogers,[]
,Taijuan Walker,N,,Top,,American Family Field,2022-09-21T18:10:00Z,121,2022-09-21,32,9,Final,New York Mets,Adrian Houser,2022-09-21 - New York Mets (0) @ Milwaukee Brewers (6) (Final),Trevor Gott,R,0,Milwaukee Brewers,661158,Milwaukee Brewers,6,1,,158,New York Mets,NYM wins 2-1,Taijuan Walker,[]
,Brandon Woodruff,N,,Bottom,,Great American Ball Park,2022-09-22T22:40:00Z,158,2022-09-22,2602,9,Final,Milwaukee Brewers,Hunter Greene,2022-09-22 - Milwaukee Brewers (5) @ Cincinnati Reds (1) (Final),Brandon Woodruff,R,5,Cincinnati Reds,661069,Milwaukee Brewers,1,1,,113,Cincinnati Reds,MIL leads 1-0,Hunter Greene,[]
,Eric Lauer,N,,Bottom,,Great American Ball Park,2022-09-23T22:40:00Z,158,2022-09-23,2602,9,Final,Milwaukee Brewers,Luis Cessa,2022-09-23 - Milwaukee Brewers (5) @ Cincinnati Reds (3) (Final),Luis Perdomo,R,5,Cincinnati Reds,661068,Milwaukee Brewers,3,1,Devin Williams,113,Cincinnati Reds,MIL leads 2-0,Luis Cessa,[]
,Corbin Burnes,N,,Bottom,,Great American Ball Park,2022-09-24T22:40:00Z,158,2022-09-24,2602,9,Final,Milwaukee Brewers,Graham Ashcraft,2022-09-24 - Milwaukee Brewers (10) @ Cincinnati Reds (2) (Final),Corbin Burnes,R,10,Cincinnati Reds,661067,Milwaukee Brewers,2,1,,113,Cincinnati Reds,MIL wins 3-0,Graham Ashcraft,[]
,Freddy Peralta,N,,Top,,Great American Ball Park,2022-09-25T17:40:00Z,158,2022-09-25,2602,9,Final,Milwaukee Brewers,Nick Lodolo,2022-09-25 - Milwaukee Brewers (1) @ Cincinnati Reds (2) (Final),Buck Farmer,R,1,Cincinnati Reds,661066,Cincinnati Reds,2,1,Alexis Diaz,113,Milwaukee Brewers,MIL wins 3-1,Matt Bush,['MLBN (out-of-market only)']
,Miles Mikolas,N,,Bottom,,American Family Field,2022-09-27T23:40:00Z,138,2022-09-27,32,9,Final,St. Louis Cardinals,Adrian Houser,2022-09-27 - St. Louis Cardinals (6) @ Milwaukee Brewers (2) (Final),Miles Mikolas,R,6,Milwaukee Brewers,661155,St. Louis Cardinals,2,1,,158,Milwaukee Brewers,STL leads 1-0,Adrian Houser,['MLBN (out-of-market only)']
,Jose Quintana,N,,Top,,American Family Field,2022-09-28T23:40:00Z,138,2022-09-28,32,9,Final,St. Louis Cardinals,Brandon Woodruff,2022-09-28 - St. Louis Cardinals (1) @ Milwaukee Brewers (5) (Final),Brandon Woodruff,R,1,Milwaukee Brewers,661154,Milwaukee Brewers,5,1,,158,St. Louis Cardinals,Series tied 1-1,Jose Quintana,[]
,Braxton Garrett,N,,Bottom,,American Family Field,2022-09-29T23:40:00Z,146,2022-09-29,32,9,Final,Miami Marlins,Eric Lauer,2022-09-29 - Miami Marlins (4) @ Milwaukee Brewers (2) (Final),Tommy Nance,R,4,Milwaukee Brewers,661156,Miami Marlins,2,1,Dylan Floro,158,Milwaukee Brewers,MIA leads 1-0,Freddy Peralta,['MLBN (out-of-market only)']
,Sandy Alcantara,N,,Top,,American Family Field,2022-10-01T00:10:00Z,146,2022-09-30,32,9,Final,Miami Marlins,Corbin Burnes,2022-09-30 - Miami Marlins (0) @ Milwaukee Brewers (1) (Final),Corbin Burnes,R,0,Milwaukee Brewers,661157,Milwaukee Brewers,1,1,Devin Williams,158,Miami Marlins,Series tied 1-1,Sandy Alcantara,[]
,Edward Cabrera,N,,Bottom,,American Family Field,2022-10-01T23:10:00Z,146,2022-10-01,32,9,Final,Miami Marlins,Aaron Ashby,2022-10-01 - Miami Marlins (4) @ Milwaukee Brewers (3) (Final),Tommy Nance,R,4,Milwaukee Brewers,661152,Miami Marlins,3,1,Richard Bleier,158,Milwaukee Brewers,MIA leads 2-1,Devin Williams,[]
,Pablo Lopez,N,,Bottom,,American Family Field,2022-10-02T18:10:00Z,146,2022-10-02,32,12,Final,Miami Marlins,Freddy Peralta,2022-10-02 - Miami Marlins (4) @ Milwaukee Brewers (3) (Final),Huascar Brazoban,R,4,Milwaukee Brewers,661153,Miami Marlins,3,1,Tanner Scott,158,Milwaukee Brewers,MIA wins 3-1,Trevor Gott,[]
,Tommy Henry,N,,Bottom,,American Family Field,2022-10-03T23:40:00Z,109,2022-10-03,32,10,Final,Arizona Diamondbacks,Brandon Woodruff,2022-10-03 - Arizona Diamondbacks (5) @ Milwaukee Brewers (6) (Final),Brad Boxberger,R,5,Milwaukee Brewers,661213,Milwaukee Brewers,6,1,,158,Arizona Diamondbacks,MIL leads 1-0,Reyes Moronta,[]
,Zac Gallen,N,,Top,,American Family Field,2022-10-04T23:40:00Z,109,2022-10-04,32,9,Final,Arizona Diamondbacks,Eric Lauer,2022-10-04 - Arizona Diamondbacks (0) @ Milwaukee Brewers (3) (Final),Eric Lauer,R,0,Milwaukee Brewers,661223,Milwaukee Brewers,3,1,Peter Strzelecki,158,Arizona Diamondbacks,MIL wins 2-0,Zac Gallen,[]
,Merrill Kelly,N,,Bottom,,American Family Field,2022-10-05T20:10:00Z,109,2022-10-05,32,9,Final,Arizona Diamondbacks,Corbin Burnes,2022-10-05 - Arizona Diamondbacks (4) @ Milwaukee Brewers (2) (Final),Sean Poppen,R,4,Milwaukee Brewers,661227,Arizona Diamondbacks,2,1,Kevin Ginkel,158,Milwaukee Brewers,MIL wins 2-1,Trevor Gott,[]
