away_pitcher_note,away_probable_pitcher,doubleheader,home_pitcher_note,inning_state,venue_name,game_datetime,away_id,game_date,venue_id,current_inning,status,away_name,home_probable_pitcher,winning_pitcher,summary,game_type,away_score,home_name,game_id,winning_team,home_score,game_num,save_pitcher,home_id,losing_team,series_status,losing_pitcher,national_broadcasts
,Hayden Wesneski,N,,Top,LECOM Park,2022-03-18T17:05:00Z,147,2022-03-18,2526,9,Final,New York Yankees,Wil Crowe,Jerad Eickhoff,2022-03-18 - New York Yankees (3) @ Pittsburgh Pirates (4) (Final),S,3,Pittsburgh Pirates,706863,Pittsburgh Pirates,4,1,Blake Weiman,134,New York Yankees,PIT wins Spring,Braden Bristo,['MLB.tv Free Game']
,Ken Waldichuk,N,,Bottom,Ed Smith Stadium,2022-03-19T17:05:00Z,147,2022-03-19,2508,9,Final: Tied,New York Yankees,Ryan Hartman,,2022-03-19 - New York Yankees @ Baltimore Orioles (Final: Tied),S,3,Baltimore Orioles,707028,,3,1,,110,,,,[]
,Tarik Skubal,N,,Bottom,George M. Steinbrenner Field,2022-03-20T17:05:00Z,116,2022-03-20,2523,9,Final,Detroit Tigers,Luis Severino,Ricardo Pinto,2022-03-20 - Detroit Tigers (8) @ New York Yankees (7) (Final),S,8,New York Yankees,706886,Detroit Tigers,7,1,,147,New York Yankees,DET wins Spring,Michael Gomez,['MLB.tv Free Game']
,Hans Crouse,N,,Top,George M. Steinbrenner Field,2022-03-21T17:05:00Z,143,2022-03-21,2523,9,Final,Philadelphia Phillies,Jameson Taillon,Jameson Taillon,2022-03-21 - Philadelphia Phillies (2) @ New York Yankees (5) (Final),S,2,New York Yankees,706889,New York Yankees,5,1,Greg Weissert,147,Philadelphia Phillies,NYY wins Spring,Hans Crouse,['MLB.tv Free Game']
,Jordan Montgomery,N,,Top,TD Ballpark,2022-03-22T17:07:00Z,147,2022-03-22,2536,9,Final,New York Yankees,Yusei Kikuchi,Yusei Kikuchi,2022-03-22 - New York Yankees (2) @ Toronto Blue Jays (9) (Final),S,2,Toronto Blue Jays,706800,Toronto Blue Jays,9,1,,141,New York Yankees,TOR wins Spring,Jordan Montgomery,['MLB.tv Free Game']
,Kyle Bradish,N,,Top,George M. Steinbrenner Field,2022-03-23T22:35:00Z,110,2022-03-23,2523,9,Final,Baltimore Orioles,Deivi Garcia,Luis Gil,2022-03-23 - Baltimore Orioles (1) @ New York Yankees (7) (Final),S,1,New York Yankees,706890,New York Yankees,7,1,,147,Baltimore Orioles,NYY wins Spring,Alex Wells,['MLB.tv Free Game']
,Clarke Schmidt,N,,End,Publix Field at Joker Marchant Stadium,2022-03-24T17:05:00Z,147,2022-03-24,2511,7,Completed Early: Rain,New York Yankees,Casey Mize,,2022-03-24 - New York Yankees @ Detroit Tigers (Completed Early: Rain),S,3,Detroit Tigers,706965,,5,1,,116,,DET wins Spring,,['MLB.tv Free Game']
,Luis Severino,N,,Top,BayCare Ballpark,2022-03-25T17:05:00Z,147,2022-03-25,2700,9,Final,New York Yankees,Kyle Gibson,Seranthony Dominguez,2022-03-25 - New York Yankees (5) @ Philadelphia Phillies (6) (Final),S,5,Philadelphia Phillies,706870,Philadelphia Phillies,6,1,Andrew Bellatti,143,New York Yankees,PHI wins Spring,Ryan Weber,[]
,Alek Manoah,N,,Bottom,George M. Steinbrenner Field,2022-03-26T17:05:00Z,141,2022-03-26,2523,9,Final,Toronto Blue Jays,Michael King,Nate Pearson,2022-03-26 - Toronto Blue Jays (10) @ New York Yankees (9) (Final),S,10,New York Yankees,706888,Toronto Blue Jays,9,1,Andrew Vasquez,147,New York Yankees,TOR wins Spring,Vinny Nittoli,[]
,Jose Quintana,N,,Top,George M. Steinbrenner Field,2022-03-27T17:05:00Z,134,2022-03-27,2523,9,Final,Pittsburgh Pirates,Gerrit Cole,Jordan Montgomery,2022-03-27 - Pittsburgh Pirates (4) @ New York Yankees (7) (Final),S,4,New York Yankees,706887,New York Yankees,7,1,Zach Greene,147,Pittsburgh Pirates,NYY wins Spring,JT Brubaker,[]
,Deivi Garcia,N,,Bottom,Publix Field at Joker Marchant Stadium,2022-03-28T17:05:00Z,147,2022-03-28,2511,9,Final,New York Yankees,Eduardo Rodriguez,Aroldis Chapman,2022-03-28 - New York Yankees (11) @ Detroit Tigers (7) (Final),S,11,Detroit Tigers,706960,New York Yankees,7,1,,116,Detroit Tigers,NYY wins Spring,Eduardo Rodriguez,[]
,Aaron Nola,N,,Top,George M. Steinbrenner Field,2022-03-29T17:05:00Z,143,2022-03-29,2523,9,Final,Philadelphia Phillies,Clarke Schmidt,Clarke Schmidt,2022-03-29 - Philadelphia Phillies (2) @ New York Yankees (14) (Final),S,2,New York Yankees,707065,New York Yankees,14,1,,147,Philadelphia Phillies,NYY wins Spring,Aaron Nola,[]
,Nick Allgeyer,N,,Bottom,George M. Steinbrenner Field,2022-03-30T22:35:00Z,141,2022-03-30,2523,9,Final,Toronto Blue Jays,Manny Banuelos,Trent Thornton,2022-03-30 - Toronto Blue Jays (11) @ New York Yankees (3) (Final),S,11,New York Yankees,706881,Toronto Blue Jays,3,1,,147,New York Yankees,TOR wins Spring,JP Sears,[]
,Jameson Taillon,N,,Top,BayCare Ballpark,2022-03-31T17:05:00Z,147,2022-03-31,2700,9,Final,New York Yankees,Zach Eflin,Zach Eflin,2022-03-31 - New York Yankees (3) @ Philadelphia Phillies (5) (Final),S,3,Philadelphia Phillies,706864,Philadelphia Phillies,5,1,Cam Bedrosian,143,New York Yankees,PHI wins Spring,Jameson Taillon,[]
,Gerrit Cole,N,,Bottom,Publix Field at Joker Marchant Stadium,2022-04-01T17:05:00Z,147,2022-04-01,2511,9,Final,New York Yankees,Tyler Alexander,Chad Green,2022-04-01 - New York Yankees (6) @ Detroit Tigers (2) (Final),S,6,Detroit Tigers,706961,New York Yankees,2,1,,116,Detroit Tigers,NYY wins Spring,Jason Foley,[]
,Spencer Strider,N,,Top,George M. Steinbrenner Field,2022-04-02T17:05:00Z,144,2022-04-02,2523,6,Completed Early: Rain,Atlanta Braves,Luis Severino,,2022-04-02 - Atlanta Braves @ New York Yankees (Completed Early: Rain),S,0,New York Yankees,706885,,10,1,,147,,NYY wins Spring,,[]
,Luis Gil,N,,Top,TD Ballpark,2022-04-03T17:07:00Z,147,2022-04-03,2536,9,Final,New York Yankees,Shaun Anderson,Julian Merryweather,2022-04-03 - New York Yankees (5) @ Toronto Blue Jays (7) (Final),S,5,Toronto Blue Jays,706797,Toronto Blue Jays,7,1,Tim Mayza,141,New York Yankees,TOR wins Spring,Clarke Schmidt,[]
,Kyle Gibson,N,,Top,George M. Steinbrenner Field,2022-04-04T17:05:00Z,143,2022-04-04,2523,9,Final,Philadelphia Phillies,JP Sears,Chad Green,2022-04-04 - Philadelphia Phillies (2) @ New York Yankees (5) (Final),S,2,New York Yankees,706884,New York Yankees,5,1,Aroldis Chapman,147,Philadelphia Phillies,NYY wins Spring,Seranthony Dominguez,[]
,Matt Manning,N,,Bottom,George M. Steinbrenner Field,2022-04-05T17:05:00Z,116,2022-04-05,2523,9,Final,Detroit Tigers,Manny Banuelos,Matt Manning,2022-04-05 - Detroit Tigers (5) @ New York Yankees (3) (Final),S,5,New York Yankees,706883,Detroit Tigers,3,1,Aaron Haase,147,New York Yankees,DET wins Spring,Manny Banuelos,[]
,Nathan Eovaldi,N,,,Yankee Stadium,2022-04-07T17:05:00Z,111,2022-04-07,3313,,Postponed,Boston Red Sox,Gerrit Cole,,2022-04-07 - Boston Red Sox @ New York Yankees (Postponed),R,0,New York Yankees,661333,,0,1,,147,,NYY leads 1-0,,['MLBN (out-of-market only)']
,Nathan Eovaldi,N,,Bottom,Yankee Stadium,2022-04-08T17:05:00Z,111,2022-04-08,3313,11,Final,Boston Red Sox,Gerrit Cole,Michael King,2022-04-08 - Boston Red Sox (5) @ New York Yankees (6) (Final),R,5,New York Yankees,661333,New York Yankees,6,1,,147,Boston Red Sox,NYY leads 1-0,Kutter Crawford,['MLBN (out-of-market only)']
,Nick Pivetta,N,,Top,Yankee Stadium,2022-04-09T20:05:00Z,111,2022-04-09,3313,9,Final,Boston Red Sox,Luis Severino,Lucas Luetge,2022-04-09 - Boston Red Sox (2) @ New York Yankees (4) (Final),R,2,New York Yankees,661332,New York Yankees,4,1,Aroldis Chapman,147,Boston Red Sox,NYY wins 2-0,Nick Pivetta,['FS1']
,Tanner Houck,N,,Bottom,Yankee Stadium,2022-04-10T23:08:00Z,111,2022-04-10,3313,9,Final,Boston Red Sox,Jordan Montgomery,Kutter Crawford,2022-04-10 - Boston Red Sox (4) @ New York Yankees (3) (Final),R,4,New York Yankees,661316,Boston Red Sox,3,1,Jake Diekman,147,New York Yankees,NYY wins 2-1,Clarke Schmidt,['ESPN']
,Alek Manoah,N,,Bottom,Yankee Stadium,2022-04-11T23:05:00Z,141,2022-04-11,3313,9,Final,Toronto Blue Jays,Jameson Taillon,Alek Manoah,2022-04-11 - Toronto Blue Jays (3) @ New York Yankees (0) (Final),R,3,New York Yankees,661315,Toronto Blue Jays,0,1,Jordan Romano,147,New York Yankees,TOR leads 1-0,Jameson Taillon,[]
,Yusei Kikuchi,N,,Top,Yankee Stadium,2022-04-12T23:05:00Z,141,2022-04-12,3313,9,Final,Toronto Blue Jays,Nestor Cortes,Clay Holmes,2022-04-12 - Toronto Blue Jays (0) @ New York Yankees (4) (Final),R,0,New York Yankees,661314,New York Yankees,4,1,,147,Toronto Blue Jays,Series tied 1-1,Yusei Kikuchi,[]
,Jose Berrios,N,,Bottom,Yankee Stadium,2022-04-13T23:05:00Z,141,2022-04-13,3313,9,Final,Toronto Blue Jays,Gerrit Cole,Adam Cimber,2022-04-13 - Toronto Blue Jays (6) @ New York Yankees (4) (Final),R,6,New York Yankees,661313,Toronto Blue Jays,4,1,Jordan Romano,147,New York Yankees,TOR leads 2-1,Chad Green,['MLBN (out-of-market only)']
,Kevin Gausman,N,,Top,Yankee Stadium,2022-04-14T23:05:00Z,141,2022-04-14,3313,9,Final,Toronto Blue Jays,Luis Severino,Luis Severino,2022-04-14 - Toronto Blue Jays (0) @ New York Yankees (3) (Final),R,0,New York Yankees,661312,New York Yankees,3,1,Michael King,147,Toronto Blue Jays,Series tied 2-2,Kevin Gausman,['MLBN (out-of-market only)']
,Jordan Montgomery,N,,Bottom,Oriole Park at Camden Yards,2022-04-15T23:05:00Z,147,2022-04-15,2,11,Final,New York Yankees,Jordan Lyles,Joey Krehbiel,2022-04-15 - New York Yankees (1) @ Baltimore Orioles (2) (Final),R,1,Baltimore Orioles,663357,Baltimore Orioles,2,1,,110,New York Yankees,BAL leads 1-0,Clarke Schmidt,[]
,Jameson Taillon,N,,Bottom,Oriole Park at Camden Yards,2022-04-16T23:05:00Z,147,2022-04-16,2,9,Final,New York Yankees,Tyler Wells,JP Sears,2022-04-16 - New York Yankees (5) @ Baltimore Orioles (2) (Final),R,5,Baltimore Orioles,663266,New York Yankees,2,1,Clay Holmes,110,Baltimore Orioles,Series tied 1-1,Travis Lakins Sr.,[]
,Nestor Cortes,N,,Top,Oriole Park at Camden Yards,2022-04-17T17:05:00Z,147,2022-04-17,2,9,Final,New York Yankees,Bruce Zimmermann,Jorge Lopez,2022-04-17 - New York Yankees (0) @ Baltimore Orioles (5) (Final),R,0,Baltimore Orioles,663365,Baltimore Orioles,5,1,,110,New York Yankees,BAL wins 2-1,Jonathan Loaisiga,['MLBN (out-of-market only)']
,Gerrit Cole,N,,Bottom,Comerica Park,2022-04-19T22:40:00Z,147,2022-04-19,2394,9,Final,New York Yankees,Tyler Alexander,Clarke Schmidt,2022-04-19 - New York Yankees (4) @ Detroit Tigers (2) (Final),R,4,Detroit Tigers,662896,New York Yankees,2,1,Aroldis Chapman,116,Detroit Tigers,NYY leads 1-0,Tyler Alexander,['MLB.tv Free Game']
,Luis Severino,N,,Bottom,Comerica Park,2022-04-20T22:40:00Z,147,2022-04-20,2394,9,Final,New York Yankees,Eduardo Rodriguez,Chad Green,2022-04-20 - New York Yankees (5) @ Detroit Tigers (3) (Final),R,5,Detroit Tigers,662861,New York Yankees,3,1,Aroldis Chapman,116,Detroit Tigers,NYY wins 2-0,Drew Hutchison,[]
,Jordan Montgomery,N,,Top,Comerica Park,2022-04-21T17:10:00Z,147,2022-04-21,2394,9,Final,New York Yankees,Michael Pineda,Michael Pineda,2022-04-21 - New York Yankees (0) @ Detroit Tigers (3) (Final),R,0,Detroit Tigers,662850,Detroit Tigers,3,1,Gregory Soto,116,New York Yankees,NYY wins 2-1,Jordan Montgomery,['MLBN (out-of-market only)']
,Eli Morgan,N,,Top,Yankee Stadium,2022-04-22T23:05:00Z,114,2022-04-22,3313,9,Final,Cleveland Guardians,Jameson Taillon,Jameson Taillon,2022-04-22 - Cleveland Guardians (1) @ New York Yankees (4) (Final),R,1,New York Yankees,661311,New York Yankees,4,1,Aroldis Chapman,147,Cleveland Guardians,NYY leads 1-0,Eli Morgan,[]
,Cal Quantrill,N,,Bottom,Yankee Stadium,2022-04-23T17:05:00Z,114,2022-04-23,3313,9,Final,Cleveland Guardians,Nestor Cortes,Miguel Castro,2022-04-23 - Cleveland Guardians (4) @ New York Yankees (5) (Final),R,4,New York Yankees,661310,New York Yankees,5,1,,147,Cleveland Guardians,NYY wins 2-0,Emmanuel Clase,['MLBN (out-of-market only)']
,Aaron Civale,N,,Top,Yankee Stadium,2022-04-24T17:35:00Z,114,2022-04-24,3313,9,Final,Cleveland Guardians,Gerrit Cole,Gerrit Cole,2022-04-24 - Cleveland Guardians (2) @ New York Yankees (10) (Final),R,2,New York Yankees,661317,New York Yankees,10,1,,147,Cleveland Guardians,NYY wins 3-0,Aaron Civale,"['MLBN (out-of-market only)', 'MLB.tv Free Game']"
,Jordan Lyles,N,,Top,Yankee Stadium,2022-04-26T23:05:00Z,110,2022-04-26,3313,9,Final,Baltimore Orioles,Luis Severino,Luis Severino,2022-04-26 - Baltimore Orioles (8) @ New York Yankees (12) (Final),R,8,New York Yankees,661309,New York Yankees,12,1,,147,Baltimore Orioles,NYY leads 1-0,Jordan Lyles,[]
,Tyler Wells,N,,Top,Yankee Stadium,2022-04-27T23:05:00Z,110,2022-04-27,3313,9,Final,Baltimore Orioles,Jordan Montgomery,Michael King,2022-04-27 - Baltimore Orioles (2) @ New York Yankees (5) (Final),R,2,New York Yankees,661306,New York Yankees,5,1,Clay Holmes,147,Baltimore Orioles,NYY wins 2-0,Joey Krehbiel,['MLBN (out-of-market only)']
,Bruce Zimmermann,N,,Top,Yankee Stadium,2022-04-28T17:05:00Z,110,2022-04-28,3313,9,Final,Baltimore Orioles,Jameson Taillon,Miguel Castro,2022-04-28 - Baltimore Orioles (5) @ New York Yankees (10) (Final),R,5,New York Yankees,661305,New York Yankees,10,1,,147,Baltimore Orioles,NYY wins 3-0,Bruce Zimmermann,[]
,Nestor Cortes,N,,Bottom,Kauffman Stadium,2022-04-30T00:10:00Z,147,2022-04-29,7,8,Completed Early: Rain,New York Yankees,Kris Bubic,,2022-04-29 - New York Yankees @ Kansas City Royals (Completed Early: Rain),R,12,Kansas City Royals,662741,,2,1,,118,,NYY leads 1-0,,['Apple TV+']
,Gerrit Cole,N,,Bottom,Kauffman Stadium,2022-04-30T23:10:00Z,147,2022-04-30,7,9,Final,New York Yankees,Carlos Hernandez,Gerrit Cole,2022-04-30 - New York Yankees (3) @ Kansas City Royals (0) (Final),R,3,Kansas City Royals,662797,New York Yankees,0,1,Aroldis Chapman,118,Kansas City Royals,NYY wins 2-0,Carlos Hernandez,[]
,Luis Severino,N,,Bottom,Kauffman Stadium,2022-05-01T18:10:00Z,147,2022-05-01,7,9,Final,New York Yankees,Daniel Lynch,Clarke Schmidt,2022-05-01 - New York Yankees (6) @ Kansas City Royals (4) (Final),R,6,Kansas City Royals,662691,New York Yankees,4,1,Aroldis Chapman,118,Kansas City Royals,NYY wins 3-0,Dylan Coleman,[]
,Jordan Montgomery,N,,Bottom,Rogers Centre,2022-05-02T23:07:00Z,147,2022-05-02,14,9,Final,New York Yankees,Ross Stripling,Clay Holmes,2022-05-02 - New York Yankees (3) @ Toronto Blue Jays (2) (Final),R,3,Toronto Blue Jays,661823,New York Yankees,2,1,Chad Green,141,Toronto Blue Jays,NYY leads 1-0,Yimi Garcia,['MLB.tv Free Game']
,Jameson Taillon,N,,Bottom,Rogers Centre,2022-05-03T23:07:00Z,147,2022-05-03,14,9,Final,New York Yankees,Alek Manoah,Jameson Taillon,2022-05-03 - New York Yankees (9) @ Toronto Blue Jays (1) (Final),R,9,Toronto Blue Jays,661796,New York Yankees,1,1,,141,Toronto Blue Jays,NYY wins 2-0,Adam Cimber,['MLBN (out-of-market only)']
,Nestor Cortes,N,,Top,Rogers Centre,2022-05-04T23:07:00Z,147,2022-05-04,14,9,Final,New York Yankees,Yusei Kikuchi,Yusei Kikuchi,2022-05-04 - New York Yankees (1) @ Toronto Blue Jays (2) (Final),R,1,Toronto Blue Jays,661795,Toronto Blue Jays,2,1,Jordan Romano,141,New York Yankees,NYY wins 2-1,Nestor Cortes,[]
,Glenn Otto,N,,,Yankee Stadium,2022-05-06T23:05:00Z,140,2022-05-06,3313,,Postponed,Texas Rangers,Gerrit Cole,,2022-05-06 - Texas Rangers @ New York Yankees (Postponed),R,0,New York Yankees,661304,,0,1,,147,,Series tied 1-1,,[]
,,N,,,Yankee Stadium,2022-05-07T17:05:00Z,140,2022-05-07,3313,,Postponed,Texas Rangers,Gerrit Cole,,2022-05-07 - Texas Rangers @ New York Yankees (Postponed),R,0,New York Yankees,661303,,0,1,,147,,NYY wins 2-1,,['MLBN (out-of-market only)']
,Dane Dunning,Y,,Bottom,Yankee Stadium,2022-05-08T17:35:00Z,140,2022-05-08,3313,9,Final,Texas Rangers,Gerrit Cole,Clay Holmes,2022-05-08 - Texas Rangers (1) @ New York Yankees (2) (Final),R,1,New York Yankees,661302,New York Yankees,2,1,,147,Texas Rangers,NYY leads 1-0,John King,['MLB.tv Free Game']
,Glenn Otto,Y,,Bottom,Yankee Stadium,2022-05-08T17:40:00Z,140,2022-05-08,3313,9,Final,Texas Rangers,Jordan Montgomery,Garrett Richards,2022-05-08 - Texas Rangers (4) @ New York Yankees (2) (Final),R,4,New York Yankees,661304,Texas Rangers,2,2,Joe Barlow,147,New York Yankees,Series tied 1-1,Michael King,['MLB.tv Free Game']
,Jon Gray,N,,Top,Yankee Stadium,2022-05-09T17:05:00Z,140,2022-05-09,3313,9,Final,Texas Rangers,Nestor Cortes,Clay Holmes,2022-05-09 - Texas Rangers (0) @ New York Yankees (1) (Final),R,0,New York Yankees,661303,New York Yankees,1,1,Aroldis Chapman,147,Texas Rangers,NYY wins 2-1,Brett Martin,"['MLBN (out-of-market only)', 'MLB.tv Free Game']"
,Yusei Kikuchi,N,,Bottom,Yankee Stadium,2022-05-10T23:05:00Z,141,2022-05-10,3313,9,Final,Toronto Blue Jays,Luis Severino,Wandy Peralta,2022-05-10 - Toronto Blue Jays (5) @ New York Yankees (6) (Final),R,5,New York Yankees,661301,New York Yankees,6,1,,147,Toronto Blue Jays,NYY leads 1-0,Jordan Romano,[]
,Jose Berrios,N,,Top,Yankee Stadium,2022-05-11T16:35:00Z,141,2022-05-11,3313,9,Final,Toronto Blue Jays,Jameson Taillon,Jameson Taillon,2022-05-11 - Toronto Blue Jays (3) @ New York Yankees (5) (Final),R,3,New York Yankees,661300,New York Yankees,5,1,Aroldis Chapman,147,Toronto Blue Jays,NYY wins 2-0,Jose Berrios,['MLBN (out-of-market only)']
,Luis Gil,N,,Bottom,Guaranteed Rate Field,2022-05-13T00:10:00Z,147,2022-05-12,4,9,Final,New York Yankees,Dylan Cease,Jonathan Loaisiga,2022-05-12 - New York Yankees (15) @ Chicago White Sox (7) (Final),R,15,Chicago White Sox,661519,New York Yankees,7,1,,145,Chicago White Sox,NYY leads 1-0,Joe Kelly,['MLBN (out-of-market only)']
,Gerrit Cole,N,,Bottom,Guaranteed Rate Field,2022-05-14T00:10:00Z,147,2022-05-13,4,9,Final,New York Yankees,Vince Velasquez,Gerrit Cole,2022-05-13 - New York Yankees (10) @ Chicago White Sox (4) (Final),R,10,Chicago White Sox,661491,New York Yankees,4,1,,145,Chicago White Sox,NYY leads 2-0,Vince Velasquez,[]
,Jordan Montgomery,N,,Bottom,Guaranteed Rate Field,2022-05-14T23:10:00Z,147,2022-05-14,4,9,Final,New York Yankees,Dallas Keuchel,Liam Hendriks,2022-05-14 - New York Yankees (2) @ Chicago White Sox (3) (Final),R,2,Chicago White Sox,661490,Chicago White Sox,3,1,,145,New York Yankees,NYY leads 2-1,Aroldis Chapman,['MLBN (out-of-market only)']
,Nestor Cortes,N,,Bottom,Guaranteed Rate Field,2022-05-15T18:10:00Z,147,2022-05-15,4,9,Final,New York Yankees,Michael Kopech,Nestor Cortes,2022-05-15 - New York Yankees (5) @ Chicago White Sox (1) (Final),R,5,Chicago White Sox,661489,New York Yankees,1,1,,145,Chicago White Sox,NYY wins 3-1,Michael Kopech,[]
,Luis Severino,N,,Bottom,Oriole Park at Camden Yards,2022-05-16T23:05:00Z,147,2022-05-16,2,9,Final,New York Yankees,Kyle Bradish,Luis Severino,2022-05-16 - New York Yankees (6) @ Baltimore Orioles (2) (Final),R,6,Baltimore Orioles,661308,New York Yankees,2,1,,110,Baltimore Orioles,NYY leads 1-0,Kyle Bradish,[]
,Jameson Taillon,N,,Bottom,Oriole Park at Camden Yards,2022-05-17T23:05:00Z,147,2022-05-17,2,9,Final,New York Yankees,Spenser Watkins,Jameson Taillon,2022-05-17 - New York Yankees (5) @ Baltimore Orioles (4) (Final),R,5,Baltimore Orioles,661342,New York Yankees,4,1,Aroldis Chapman,110,Baltimore Orioles,NYY leads 2-0,Dillon Tate,[]
,Gerrit Cole,N,,Bottom,Oriole Park at Camden Yards,2022-05-18T23:05:00Z,147,2022-05-18,2,9,Final,New York Yankees,Jordan Lyles,Gerrit Cole,2022-05-18 - New York Yankees (3) @ Baltimore Orioles (2) (Final),R,3,Baltimore Orioles,661344,New York Yankees,2,1,Clay Holmes,110,Baltimore Orioles,NYY wins 3-0,Jordan Lyles,[]
,Jordan Montgomery,N,,Bottom,Oriole Park at Camden Yards,2022-05-19T16:35:00Z,147,2022-05-19,2,9,Final,New York Yankees,Bruce Zimmermann,Felix Bautista,2022-05-19 - New York Yankees (6) @ Baltimore Orioles (9) (Final),R,6,Baltimore Orioles,661347,Baltimore Orioles,9,1,,110,New York Yankees,NYY wins 3-1,Lucas Luetge,['MLB.tv Free Game']
,Dallas Keuchel,N,,,Yankee Stadium,2022-05-20T23:05:00Z,145,2022-05-20,3313,,Postponed,Chicago White Sox,Nestor Cortes,,2022-05-20 - Chicago White Sox @ New York Yankees (Postponed),R,0,New York Yankees,661290,,0,1,,147,,CWS wins 2-1,,['ESPN']
,Dallas Keuchel,N,,Top,Yankee Stadium,2022-05-21T17:05:00Z,145,2022-05-21,3313,9,Final,Chicago White Sox,Nestor Cortes,Nestor Cortes,2022-05-21 - Chicago White Sox (5) @ New York Yankees (7) (Final),R,5,New York Yankees,661289,New York Yankees,7,1,Clay Holmes,147,Chicago White Sox,NYY leads 1-0,Dallas Keuchel,['MLBN (out-of-market only)']
,Johnny Cueto,Y,,Bottom,Yankee Stadium,2022-05-22T19:05:00Z,145,2022-05-22,3313,9,Final,Chicago White Sox,Jameson Taillon,Kendall Graveman,2022-05-22 - Chicago White Sox (3) @ New York Yankees (1) (Final),R,3,New York Yankees,661288,Chicago White Sox,1,1,Liam Hendriks,147,New York Yankees,Series tied 1-1,Aroldis Chapman,[]
,Michael Kopech,Y,,Bottom,Yankee Stadium,2022-05-22T23:08:00Z,145,2022-05-22,3313,9,Final,Chicago White Sox,Luis Severino,Michael Kopech,2022-05-22 - Chicago White Sox (5) @ New York Yankees (0) (Final),R,5,New York Yankees,661290,Chicago White Sox,0,2,,147,New York Yankees,CWS wins 2-1,Jonathan Loaisiga,['ESPN']
,Jordan Lyles,N,,Bottom,Yankee Stadium,2022-05-23T23:05:00Z,110,2022-05-23,3313,9,Final,Baltimore Orioles,Gerrit Cole,Jordan Lyles,2022-05-23 - Baltimore Orioles (6) @ New York Yankees (4) (Final),R,6,New York Yankees,661287,Baltimore Orioles,4,1,Jorge Lopez,147,New York Yankees,BAL leads 1-0,Gerrit Cole,[]
,Bruce Zimmermann,N,,Bottom,Yankee Stadium,2022-05-24T23:05:00Z,110,2022-05-24,3313,11,Final,Baltimore Orioles,Jordan Montgomery,Clarke Schmidt,2022-05-24 - Baltimore Orioles (6) @ New York Yankees (7) (Final),R,6,New York Yankees,661285,New York Yankees,7,1,,147,Baltimore Orioles,Series tied 1-1,Bryan Baker,[]
,Tyler Wells,N,,Top,Yankee Stadium,2022-05-25T23:05:00Z,110,2022-05-25,3313,9,Final,Baltimore Orioles,JP Sears,JP Sears,2022-05-25 - Baltimore Orioles (0) @ New York Yankees (2) (Final),R,0,New York Yankees,661286,New York Yankees,2,1,Clay Holmes,147,Baltimore Orioles,NYY wins 2-1,Tyler Wells,"['MLBN (out-of-market only)', 'MLB.tv Free Game']"
,Nestor Cortes,N,,Bottom,Tropicana Field,2022-05-26T22:40:00Z,147,2022-05-26,12,9,Final,New York Yankees,Ryan Yarbrough,Nestor Cortes,2022-05-26 - New York Yankees (7) @ Tampa Bay Rays (2) (Final),R,7,Tampa Bay Rays,662051,New York Yankees,2,1,,139,Tampa Bay Rays,NYY leads 1-0,Ryan Yarbrough,['MLBN (out-of-market only)']
,Jameson Taillon,N,,Bottom,Tropicana Field,2022-05-27T23:10:00Z,147,2022-05-27,12,9,Final,New York Yankees,Jeffrey Springs,Jameson Taillon,2022-05-27 - New York Yankees (2) @ Tampa Bay Rays (0) (Final),R,2,Tampa Bay Rays,661960,New York Yankees,0,1,Clay Holmes,139,Tampa Bay Rays,NYY leads 2-0,Jeffrey Springs,[]
,Gerrit Cole,N,,Top,Tropicana Field,2022-05-28T20:10:00Z,147,2022-05-28,12,9,Final,New York Yankees,Corey Kluber,J.P. Feyereisen,2022-05-28 - New York Yankees (1) @ Tampa Bay Rays (3) (Final),R,1,Tampa Bay Rays,661933,Tampa Bay Rays,3,1,Colin Poche,139,New York Yankees,NYY leads 2-1,Lucas Luetge,[]
,Luis Severino,N,,Top,Tropicana Field,2022-05-29T17:40:00Z,147,2022-05-29,12,9,Final,New York Yankees,Shane McClanahan,Shane McClanahan,2022-05-29 - New York Yankees (2) @ Tampa Bay Rays (4) (Final),R,2,Tampa Bay Rays,661910,Tampa Bay Rays,4,1,J.P. Feyereisen,139,New York Yankees,Series tied 2-2,Luis Severino,['MLBN (out-of-market only)']
,Noah Syndergaard,N,,Top,Yankee Stadium,2022-05-31T23:05:00Z,108,2022-05-31,3313,9,Final,Los Angeles Angels,Jordan Montgomery,Jordan Montgomery,2022-05-31 - Los Angeles Angels (1) @ New York Yankees (9) (Final),R,1,New York Yankees,661331,New York Yankees,9,1,,147,Los Angeles Angels,NYY leads 1-0,Noah Syndergaard,['TBS (out-of-market only)']
,Reid Detmers,N,,,Yankee Stadium,2022-06-01T23:05:00Z,108,2022-06-01,3313,,Postponed,Los Angeles Angels,Nestor Cortes,,2022-06-01 - Los Angeles Angels @ New York Yankees (Postponed),R,0,New York Yankees,661330,,0,1,,147,,NYY wins 2-0,,['MLBN (out-of-market only)']
,Shohei Ohtani,S,,Top,Yankee Stadium,2022-06-02T17:05:00Z,108,2022-06-02,3313,9,Final,Los Angeles Angels,Nestor Cortes,Nestor Cortes,2022-06-02 - Los Angeles Angels (1) @ New York Yankees (6) (Final),R,1,New York Yankees,661330,New York Yankees,6,1,Wandy Peralta,147,Los Angeles Angels,NYY wins 2-0,Shohei Ohtani,['MLBN (out-of-market only)']
,Reid Detmers,S,,Top,Yankee Stadium,2022-06-02T23:05:00Z,108,2022-06-02,3313,9,Final,Los Angeles Angels,Jameson Taillon,Jameson Taillon,2022-06-02 - Los Angeles Angels (1) @ New York Yankees (2) (Final),R,1,New York Yankees,661329,New York Yankees,2,2,Clay Holmes,147,Los Angeles Angels,NYY wins 3-0,Oliver Ortega,['MLBN (out-of-market only)']
,Elvin Rodriguez,N,,Top,Yankee Stadium,2022-06-03T23:05:00Z,116,2022-06-03,3313,9,Final,Detroit Tigers,Gerrit Cole,Gerrit Cole,2022-06-03 - Detroit Tigers (0) @ New York Yankees (13) (Final),R,0,New York Yankees,661318,New York Yankees,13,1,,147,Detroit Tigers,NYY leads 1-0,Elvin Rodriguez,['Apple TV+']
,Beau Brieske,N,,Top,Yankee Stadium,2022-06-04T17:05:00Z,116,2022-06-04,3313,9,Final,Detroit Tigers,Luis Severino,Luis Severino,2022-06-04 - Detroit Tigers (0) @ New York Yankees (3) (Final),R,0,New York Yankees,661278,New York Yankees,3,1,Clay Holmes,147,Detroit Tigers,NYY wins 2-0,Beau Brieske,['MLBN (out-of-market only)']
,Rony Garcia,N,,Bottom,Yankee Stadium,2022-06-05T15:35:00Z,116,2022-06-05,3313,10,Final,Detroit Tigers,Jordan Montgomery,Michael King,2022-06-05 - Detroit Tigers (4) @ New York Yankees (5) (Final),R,4,New York Yankees,661277,New York Yankees,5,1,,147,Detroit Tigers,NYY wins 3-0,Gregory Soto,['Peacock']
,Jameson Taillon,N,,Bottom,Target Field,2022-06-07T23:40:00Z,147,2022-06-07,3312,9,Final,New York Yankees,Cole Sands,Lucas Luetge,2022-06-07 - New York Yankees (10) @ Minnesota Twins (4) (Final),R,10,Minnesota Twins,661693,New York Yankees,4,1,,142,Minnesota Twins,NYY leads 1-0,Cole Sands,['MLB.tv Free Game']
,Nestor Cortes,N,,Top,Target Field,2022-06-08T23:40:00Z,147,2022-06-08,3312,9,Final,New York Yankees,Chris Archer,Chris Archer,2022-06-08 - New York Yankees (1) @ Minnesota Twins (8) (Final),R,1,Minnesota Twins,661681,Minnesota Twins,8,1,,142,New York Yankees,Series tied 1-1,Nestor Cortes,['FS1']
,Gerrit Cole,N,,Bottom,Target Field,2022-06-09T23:40:00Z,147,2022-06-09,3312,9,Final,New York Yankees,Dylan Bundy,Miguel Castro,2022-06-09 - New York Yankees (10) @ Minnesota Twins (7) (Final),R,10,Minnesota Twins,661697,New York Yankees,7,1,Clay Holmes,142,Minnesota Twins,NYY wins 2-1,Jhoan Duran,['MLBN (out-of-market only)']
,Wade Miley,N,,Bottom,Yankee Stadium,2022-06-10T23:05:00Z,112,2022-06-10,3313,13,Final,Chicago Cubs,Luis Severino,Ron Marinaccio,2022-06-10 - Chicago Cubs (1) @ New York Yankees (2) (Final),R,1,New York Yankees,661284,New York Yankees,2,1,,147,Chicago Cubs,NYY leads 1-0,Alec Mills,[]
,Matt Swarmer,N,,Top,Yankee Stadium,2022-06-11T23:15:00Z,112,2022-06-11,3313,9,Final,Chicago Cubs,Jordan Montgomery,Jordan Montgomery,2022-06-11 - Chicago Cubs (0) @ New York Yankees (8) (Final),R,0,New York Yankees,661276,New York Yankees,8,1,,147,Chicago Cubs,NYY wins 2-0,Matt Swarmer,['FOX']
,Keegan Thompson,N,,Top,Yankee Stadium,2022-06-12T17:35:00Z,112,2022-06-12,3313,9,Final,Chicago Cubs,Jameson Taillon,Jameson Taillon,2022-06-12 - Chicago Cubs (4) @ New York Yankees (18) (Final),R,4,New York Yankees,661270,New York Yankees,18,1,Manny Banuelos,147,Chicago Cubs,NYY wins 3-0,Keegan Thompson,['MLBN (out-of-market only)']
,Corey Kluber,N,,Top,Yankee Stadium,2022-06-14T23:05:00Z,139,2022-06-14,3313,9,Final,Tampa Bay Rays,Gerrit Cole,Gerrit Cole,2022-06-14 - Tampa Bay Rays (0) @ New York Yankees (2) (Final),R,0,New York Yankees,661328,New York Yankees,2,1,Clay Holmes,147,Tampa Bay Rays,NYY leads 1-0,Corey Kluber,"['TBS', 'TBS (out-of-market only)']"
,Shane McClanahan,N,,Top,Yankee Stadium,2022-06-15T23:05:00Z,139,2022-06-15,3313,9,Final,Tampa Bay Rays,Nestor Cortes,Nestor Cortes,2022-06-15 - Tampa Bay Rays (3) @ New York Yankees (4) (Final),R,3,New York Yankees,661327,New York Yankees,4,1,Clay Holmes,147,Tampa Bay Rays,NYY wins 2-0,Shane McClanahan,[]
,Jalen Beeks,N,,Bottom,Yankee Stadium,2022-06-16T23:05:00Z,139,2022-06-16,3313,9,Final,Tampa Bay Rays,Clarke Schmidt,Michael King,2022-06-16 - Tampa Bay Rays (1) @ New York Yankees (2) (Final),R,1,New York Yankees,661326,New York Yankees,2,1,,147,Tampa Bay Rays,NYY wins 3-0,Shawn Armstrong,['MLBN (out-of-market only)']
,Jordan Montgomery,N,,Bottom,Rogers Centre,2022-06-17T23:07:00Z,147,2022-06-17,14,9,Final,New York Yankees,Ross Stripling,Jordan Montgomery,2022-06-17 - New York Yankees (12) @ Toronto Blue Jays (3) (Final),R,12,Toronto Blue Jays,661742,New York Yankees,3,1,,141,Toronto Blue Jays,NYY leads 1-0,Ross Stripling,[]
,Jameson Taillon,N,,Bottom,Rogers Centre,2022-06-18T19:07:00Z,147,2022-06-18,14,9,Final,New York Yankees,Alek Manoah,Jameson Taillon,2022-06-18 - New York Yankees (4) @ Toronto Blue Jays (0) (Final),R,4,Toronto Blue Jays,661748,New York Yankees,0,1,,141,Toronto Blue Jays,NYY wins 2-0,Alek Manoah,[]
,Luis Severino,N,,Top,Rogers Centre,2022-06-19T17:37:00Z,147,2022-06-19,14,9,Final,New York Yankees,Yusei Kikuchi,Yimi Garcia,2022-06-19 - New York Yankees (9) @ Toronto Blue Jays (10) (Final),R,9,Toronto Blue Jays,661741,Toronto Blue Jays,10,1,Jordan Romano,141,New York Yankees,NYY wins 2-1,Wandy Peralta,['MLBN (out-of-market only)']
,Gerrit Cole,N,,Bottom,Tropicana Field,2022-06-20T23:10:00Z,147,2022-06-20,12,9,Final,New York Yankees,Shane McClanahan,Wandy Peralta,2022-06-20 - New York Yankees (4) @ Tampa Bay Rays (2) (Final),R,4,Tampa Bay Rays,661893,New York Yankees,2,1,,139,Tampa Bay Rays,NYY leads 1-0,Jason Adam,[]
,Nestor Cortes,N,,Top,Tropicana Field,2022-06-21T23:10:00Z,147,2022-06-21,12,9,Final,New York Yankees,Jalen Beeks,Shawn Armstrong,2022-06-21 - New York Yankees (4) @ Tampa Bay Rays (5) (Final),R,4,Tampa Bay Rays,661890,Tampa Bay Rays,5,1,Colin Poche,139,New York Yankees,Series tied 1-1,Nestor Cortes,[]
,Jordan Montgomery,N,,Bottom,Tropicana Field,2022-06-22T23:10:00Z,147,2022-06-22,12,9,Final,New York Yankees,Shane Baz,Clarke Schmidt,2022-06-22 - New York Yankees (5) @ Tampa Bay Rays (4) (Final),R,5,Tampa Bay Rays,661889,New York Yankees,4,1,Clay Holmes,139,Tampa Bay Rays,NYY wins 2-1,Ralph Garza Jr.,[]
,Framber Valdez,N,,Bottom,Yankee Stadium,2022-06-23T23:05:00Z,117,2022-06-23,3313,9,Final,Houston Astros,Jameson Taillon,Miguel Castro,2022-06-23 - Houston Astros (6) @ New York Yankees (7) (Final),R,6,New York Yankees,661325,New York Yankees,7,1,,147,Houston Astros,NYY leads 1-0,Ryan Pressly,['MLBN (out-of-market only)']
,Justin Verlander,N,,Bottom,Yankee Stadium,2022-06-24T23:05:00Z,117,2022-06-24,3313,9,Final,Houston Astros,Luis Severino,Justin Verlander,2022-06-24 - Houston Astros (3) @ New York Yankees (1) (Final),R,3,New York Yankees,661274,Houston Astros,1,1,Rafael Montero,147,New York Yankees,Series tied 1-1,Luis Severino,[]
,Cristian Javier,N,,Bottom,Yankee Stadium,2022-06-25T17:05:00Z,117,2022-06-25,3313,9,Final,Houston Astros,Gerrit Cole,Cristian Javier,2022-06-25 - Houston Astros (3) @ New York Yankees (0) (Final),R,3,New York Yankees,661271,Houston Astros,0,1,Ryan Pressly,147,New York Yankees,HOU leads 2-1,Gerrit Cole,['MLBN (out-of-market only)']
,Jose Urquidy,N,,Bottom,Yankee Stadium,2022-06-26T17:35:00Z,117,2022-06-26,3313,10,Final,Houston Astros,Nestor Cortes,Michael King,2022-06-26 - Houston Astros (3) @ New York Yankees (6) (Final),R,3,New York Yankees,661273,New York Yankees,6,1,,147,Houston Astros,Series tied 2-2,Seth Martinez,['MLBN (out-of-market only)']
,Paul Blackburn,N,,Top,Yankee Stadium,2022-06-27T23:05:00Z,133,2022-06-27,3313,9,Final,Oakland Athletics,Jordan Montgomery,Albert Abreu,2022-06-27 - Oakland Athletics (5) @ New York Yankees (9) (Final),R,5,New York Yankees,661275,New York Yankees,9,1,,147,Oakland Athletics,NYY leads 1-0,A.J. Puk,['MLBN (out-of-market only)']
,Frankie Montas,N,,Top,Yankee Stadium,2022-06-28T23:05:00Z,133,2022-06-28,3313,9,Final,Oakland Athletics,JP Sears,JP Sears,2022-06-28 - Oakland Athletics (1) @ New York Yankees (2) (Final),R,1,New York Yankees,661272,New York Yankees,2,1,Clay Holmes,147,Oakland Athletics,NYY wins 2-0,Frankie Montas,[]
,Cole Irvin,N,,Top,Yankee Stadium,2022-06-29T17:05:00Z,133,2022-06-29,3313,9,Final,Oakland Athletics,Jameson Taillon,Jameson Taillon,2022-06-29 - Oakland Athletics (3) @ New York Yankees (5) (Final),R,3,New York Yankees,661263,New York Yankees,5,1,Clay Holmes,147,Oakland Athletics,NYY wins 3-0,Cole Irvin,[]
,Luis Severino,N,,Top,Minute Maid Park,2022-06-30T22:10:00Z,147,2022-06-30,2392,9,Final,New York Yankees,Luis Garcia,Luis Garcia,2022-06-30 - New York Yankees (1) @ Houston Astros (2) (Final),R,1,Houston Astros,662788,Houston Astros,2,1,Ryan Pressly,117,New York Yankees,HOU wins Season,Luis Severino,['MLBN (out-of-market only)']
,,N,,,Progressive Field,2022-07-01T23:10:00Z,147,2022-07-01,5,,Postponed,New York Yankees,,,2022-07-01 - New York Yankees @ Cleveland Guardians (Postponed),R,0,Cleveland Guardians,662964,,0,1,,114,,NYY leads 1-0,,[]
,Gerrit Cole,S,,Bottom,Progressive Field,2022-07-02T16:10:00Z,147,2022-07-02,5,9,Final,New York Yankees,Kirk McCarty,Gerrit Cole,2022-07-02 - New York Yankees (13) @ Cleveland Guardians (4) (Final),R,13,Cleveland Guardians,662964,New York Yankees,4,1,,114,Cleveland Guardians,NYY leads 1-0,Kirk McCarty,[]
,Nestor Cortes,S,,Bottom,Progressive Field,2022-07-02T22:10:00Z,147,2022-07-02,5,9,Final,New York Yankees,Aaron Civale,Nestor Cortes,2022-07-02 - New York Yankees (6) @ Cleveland Guardians (1) (Final),R,6,Cleveland Guardians,662954,New York Yankees,1,2,Clay Holmes,114,Cleveland Guardians,NYY wins 2-0,Aaron Civale,[]
,Jordan Montgomery,N,,Top,Progressive Field,2022-07-03T17:40:00Z,147,2022-07-03,5,9,Final,New York Yankees,Triston McKenzie,Triston McKenzie,2022-07-03 - New York Yankees (0) @ Cleveland Guardians (2) (Final),R,0,Cleveland Guardians,662957,Cleveland Guardians,2,1,Emmanuel Clase,114,New York Yankees,NYY wins 2-1,Jordan Montgomery,['MLBN (out-of-market only)']
,Jameson Taillon,N,,Top,PNC Park,2022-07-05T23:05:00Z,147,2022-07-05,31,9,Final,New York Yankees,Jose Quintana,Jose Quintana,2022-07-05 - New York Yankees (2) @ Pittsburgh Pirates (5) (Final),R,2,Pittsburgh Pirates,662329,Pittsburgh Pirates,5,1,David Bednar,134,New York Yankees,PIT leads 1-0,Jameson Taillon,[]
,Luis Severino,N,,Bottom,PNC Park,2022-07-06T23:05:00Z,147,2022-07-06,31,9,Final,New York Yankees,Mitch Keller,Luis Severino,2022-07-06 - New York Yankees (16) @ Pittsburgh Pirates (0) (Final),R,16,Pittsburgh Pirates,662328,New York Yankees,0,1,,134,Pittsburgh Pirates,Series tied 1-1,Mitch Keller,[]
,Gerrit Cole,N,,Bottom,Fenway Park,2022-07-07T23:10:00Z,147,2022-07-07,3,9,Final,New York Yankees,Josh Winckowski,Gerrit Cole,2022-07-07 - New York Yankees (6) @ Boston Red Sox (5) (Final),R,6,Boston Red Sox,663233,New York Yankees,5,1,Clay Holmes,111,Boston Red Sox,NYY leads 1-0,Josh Winckowski,['MLBN (out-of-market only)']
,Nestor Cortes,N,,Bottom,Fenway Park,2022-07-08T23:10:00Z,147,2022-07-08,3,9,Final,New York Yankees,Connor Seabold,Miguel Castro,2022-07-08 - New York Yankees (12) @ Boston Red Sox (5) (Final),R,12,Boston Red Sox,663202,New York Yankees,5,1,Lucas Luetge,111,Boston Red Sox,NYY leads 2-0,Connor Seabold,['MLBN (out-of-market only)']
,Jordan Montgomery,N,,Bottom,Fenway Park,2022-07-09T23:15:00Z,147,2022-07-09,3,10,Final,New York Yankees,Kutter Crawford,Jake Diekman,2022-07-09 - New York Yankees (5) @ Boston Red Sox (6) (Final),R,5,Boston Red Sox,663223,Boston Red Sox,6,1,,111,New York Yankees,NYY leads 2-1,Wandy Peralta,['FOX']
,Jameson Taillon,N,,Top,Fenway Park,2022-07-10T23:08:00Z,147,2022-07-10,3,9,Final,New York Yankees,Nick Pivetta,Hirokazu Sawamura,2022-07-10 - New York Yankees (6) @ Boston Red Sox (11) (Final),R,6,Boston Red Sox,663232,Boston Red Sox,11,1,,111,New York Yankees,Series tied 2-2,Aroldis Chapman,['ESPN']
,Graham Ashcraft,N,,Bottom,Yankee Stadium,2022-07-12T23:05:00Z,113,2022-07-12,3313,9,Final,Cincinnati Reds,Gerrit Cole,Reiver Sanmartin,2022-07-12 - Cincinnati Reds (4) @ New York Yankees (3) (Final),R,4,New York Yankees,661262,Cincinnati Reds,3,1,Alexis Diaz,147,New York Yankees,CIN leads 1-0,Clay Holmes,[]
,Mike Minor,N,,Bottom,Yankee Stadium,2022-07-13T23:05:00Z,113,2022-07-13,3313,10,Final,Cincinnati Reds,Luis Severino,Michael King,2022-07-13 - Cincinnati Reds (6) @ New York Yankees (7) (Final),R,6,New York Yankees,661269,New York Yankees,7,1,,147,Cincinnati Reds,Series tied 1-1,Alexis Diaz,[]
,Luis Castillo,N,,Bottom,Yankee Stadium,2022-07-14T23:05:00Z,113,2022-07-14,3313,10,Final,Cincinnati Reds,Nestor Cortes,Reiver Sanmartin,2022-07-14 - Cincinnati Reds (7) @ New York Yankees (6) (Final),R,7,New York Yankees,661261,Cincinnati Reds,6,1,Dauri Moreta,147,New York Yankees,CIN wins 2-1,Lucas Luetge,['MLB.tv Free Game']
,Nathan Eovaldi,N,,Bottom,Yankee Stadium,2022-07-15T23:05:00Z,111,2022-07-15,3313,11,Final,Boston Red Sox,Jordan Montgomery,Tanner Houck,2022-07-15 - Boston Red Sox (5) @ New York Yankees (4) (Final),R,5,New York Yankees,661260,Boston Red Sox,4,1,Ryan Brasier,147,New York Yankees,BOS leads 1-0,Michael King,['MLBN (out-of-market only)']
,Nick Pivetta,N,,Top,Yankee Stadium,2022-07-16T23:15:00Z,111,2022-07-16,3313,9,Final,Boston Red Sox,Jameson Taillon,Jameson Taillon,2022-07-16 - Boston Red Sox (1) @ New York Yankees (14) (Final),R,1,New York Yankees,661259,New York Yankees,14,1,Ryan Weber,147,Boston Red Sox,Series tied 1-1,Nick Pivetta,['FOX']
,Chris Sale,N,,Top,Yankee Stadium,2022-07-17T17:35:00Z,111,2022-07-17,3313,9,Final,Boston Red Sox,Gerrit Cole,Gerrit Cole,2022-07-17 - Boston Red Sox (2) @ New York Yankees (13) (Final),R,2,New York Yankees,661258,New York Yankees,13,1,,147,Boston Red Sox,NYY wins 2-1,Chris Sale,['MLBN (out-of-market only)']
,Jordan Montgomery,S,,Bottom,Minute Maid Park,2022-07-21T17:10:00Z,147,2022-07-21,2392,9,Final,New York Yankees,Cristian Javier,Hector Neris,2022-07-21 - New York Yankees (2) @ Houston Astros (3) (Final),R,2,Houston Astros,662776,Houston Astros,3,1,,117,New York Yankees,HOU leads 1-0,Michael King,"['MLBN (out-of-market only)', 'MLB.tv Free Game']"
,Domingo German,S,,Top,Minute Maid Park,2022-07-21T22:40:00Z,147,2022-07-21,2392,9,Final,New York Yankees,Luis Garcia,Luis Garcia,2022-07-21 - New York Yankees (5) @ Houston Astros (7) (Final),R,5,Houston Astros,662775,Houston Astros,7,2,Rafael Montero,117,New York Yankees,HOU wins 2-0,Domingo German,"['MLBN (out-of-market only)', 'MLB.tv Free Game']"
,Jameson Taillon,N,,Bottom,Oriole Park at Camden Yards,2022-07-22T23:05:00Z,147,2022-07-22,2,9,Final,New York Yankees,Tyler Wells,Lucas Luetge,2022-07-22 - New York Yankees (7) @ Baltimore Orioles (6) (Final),R,7,Baltimore Orioles,661072,New York Yankees,6,1,Clay Holmes,110,Baltimore Orioles,NYY leads 1-0,Tyler Wells,['MLB.tv Free Game']
,Gerrit Cole,N,,Top,Oriole Park at Camden Yards,2022-07-23T23:05:00Z,147,2022-07-23,2,9,Final,New York Yankees,Jordan Lyles,Cionel Perez,2022-07-23 - New York Yankees (3) @ Baltimore Orioles (6) (Final),R,3,Baltimore Orioles,661057,Baltimore Orioles,6,1,Jorge Lopez,110,New York Yankees,Series tied 1-1,Gerrit Cole,['MLB.tv Free Game']
,Nestor Cortes,N,,Bottom,Oriole Park at Camden Yards,2022-07-24T17:35:00Z,147,2022-07-24,2,9,Final,New York Yankees,Dean Kremer,Nestor Cortes,2022-07-24 - New York Yankees (6) @ Baltimore Orioles (0) (Final),R,6,Baltimore Orioles,661056,New York Yankees,0,1,Clarke Schmidt,110,Baltimore Orioles,NYY wins 2-1,Dean Kremer,['MLB.tv Free Game']
,Jordan Montgomery,N,,Top,Citi Field,2022-07-26T23:10:00Z,147,2022-07-26,3289,9,Final,New York Yankees,Taijuan Walker,Taijuan Walker,2022-07-26 - New York Yankees (3) @ New York Mets (6) (Final),R,3,New York Mets,662438,New York Mets,6,1,Edwin Diaz,121,New York Yankees,NYM leads 1-0,Jordan Montgomery,['TBS']
,Domingo German,N,,Bottom,Citi Field,2022-07-27T23:10:00Z,147,2022-07-27,3289,9,Final,New York Yankees,Max Scherzer,Seth Lugo,2022-07-27 - New York Yankees (2) @ New York Mets (3) (Final),R,2,New York Mets,662420,New York Mets,3,1,,121,New York Yankees,NYM wins 2-0,Wandy Peralta,['ESPN']
,Brady Singer,N,,Bottom,Yankee Stadium,2022-07-28T23:05:00Z,118,2022-07-28,3313,9,Final,Kansas City Royals,Jameson Taillon,Clay Holmes,2022-07-28 - Kansas City Royals (0) @ New York Yankees (1) (Final),R,0,New York Yankees,661257,New York Yankees,1,1,,147,Kansas City Royals,NYY leads 1-0,Scott Barlow,[]
,Kris Bubic,N,,Top,Yankee Stadium,2022-07-29T23:05:00Z,118,2022-07-29,3313,9,Final,Kansas City Royals,Gerrit Cole,Albert Abreu,2022-07-29 - Kansas City Royals (5) @ New York Yankees (11) (Final),R,5,New York Yankees,661256,New York Yankees,11,1,,147,Kansas City Royals,NYY leads 2-0,Scott Barlow,[]
,Jonathan Heasley,N,,Top,Yankee Stadium,2022-07-30T18:05:00Z,118,2022-07-30,3313,9,Final,Kansas City Royals,Nestor Cortes,Nestor Cortes,2022-07-30 - Kansas City Royals (2) @ New York Yankees (8) (Final),R,2,New York Yankees,661255,New York Yankees,8,1,Clarke Schmidt,147,Kansas City Royals,NYY wins 3-0,Jonathan Heasley,[]
,Zack Greinke,N,,Bottom,Yankee Stadium,2022-07-31T17:35:00Z,118,2022-07-31,3313,9,Final,Kansas City Royals,Jordan Montgomery,Taylor Clarke,2022-07-31 - Kansas City Royals (8) @ New York Yankees (6) (Final),R,8,New York Yankees,661254,Kansas City Royals,6,1,,147,New York Yankees,NYY wins 3-1,Clay Holmes,['MLBN (out-of-market only)']
,Marco Gonzales,N,,Top,Yankee Stadium,2022-08-01T23:05:00Z,136,2022-08-01,3313,9,Final,Seattle Mariners,Domingo German,Domingo German,2022-08-01 - Seattle Mariners (2) @ New York Yankees (7) (Final),R,2,New York Yankees,661268,New York Yankees,7,1,,147,Seattle Mariners,NYY leads 1-0,Marco Gonzales,[]
,Logan Gilbert,N,,Bottom,Yankee Stadium,2022-08-02T23:05:00Z,136,2022-08-02,3313,9,Final,Seattle Mariners,Jameson Taillon,Penn Murfee,2022-08-02 - Seattle Mariners (8) @ New York Yankees (6) (Final),R,8,New York Yankees,661253,Seattle Mariners,6,1,Andres Munoz,147,New York Yankees,Series tied 1-1,Lucas Luetge,['MLBN (out-of-market only)']
,Luis Castillo,N,,Bottom,Yankee Stadium,2022-08-03T17:05:00Z,136,2022-08-03,3313,9,Final,Seattle Mariners,Gerrit Cole,Luis Castillo,2022-08-03 - Seattle Mariners (7) @ New York Yankees (3) (Final),R,7,New York Yankees,661293,Seattle Mariners,3,1,,147,New York Yankees,SEA wins 2-1,Gerrit Cole,['MLBN (out-of-market only)']
,Nestor Cortes,N,,Top,Busch Stadium,2022-08-06T00:15:00Z,147,2022-08-05,2889,9,Final,New York Yankees,Dakota Hudson,Andre Pallante,2022-08-05 - New York Yankees (3) @ St. Louis Cardinals (4) (Final),R,3,St. Louis Cardinals,661946,St. Louis Cardinals,4,1,Ryan Helsley,138,New York Yankees,STL leads 1-0,Clay Holmes,[]
,Domingo German,N,,Top,Busch Stadium,2022-08-06T23:15:00Z,147,2022-08-06,2889,9,Final,New York Yankees,Jordan Montgomery,Jordan Montgomery,2022-08-06 - New York Yankees (0) @ St. Louis Cardinals (1) (Final),R,0,St. Louis Cardinals,661949,St. Louis Cardinals,1,1,Giovanny Gallegos,138,New York Yankees,STL wins 2-0,Domingo German,['FOX']
,Frankie Montas,N,,Top,Busch Stadium,2022-08-07T18:15:00Z,147,2022-08-07,2889,9,Final,New York Yankees,Adam Wainwright,Chris Stratton,2022-08-07 - New York Yankees (9) @ St. Louis Cardinals (12) (Final),R,9,St. Louis Cardinals,661948,St. Louis Cardinals,12,1,Ryan Helsley,138,New York Yankees,STL wins 3-0,Albert Abreu,['MLB.tv Free Game']
,Jameson Taillon,N,,Bottom,T-Mobile Park,2022-08-09T02:10:00Z,147,2022-08-08,680,9,Final,New York Yankees,Logan Gilbert,Jameson Taillon,2022-08-08 - New York Yankees (9) @ Seattle Mariners (4) (Final),R,9,Seattle Mariners,662152,New York Yankees,4,1,,136,Seattle Mariners,NYY leads 1-0,Logan Gilbert,['MLBN (out-of-market only)']
,Gerrit Cole,N,,Bottom,T-Mobile Park,2022-08-10T02:10:00Z,147,2022-08-09,680,13,Final,New York Yankees,Luis Castillo,Matt Brash,2022-08-09 - New York Yankees (0) @ Seattle Mariners (1) (Final),R,0,Seattle Mariners,662148,Seattle Mariners,1,1,,136,New York Yankees,Series tied 1-1,Jonathan Loaisiga,[]
,Nestor Cortes,N,,Top,T-Mobile Park,2022-08-10T20:10:00Z,147,2022-08-10,680,9,Final,New York Yankees,Robbie Ray,Penn Murfee,2022-08-10 - New York Yankees (3) @ Seattle Mariners (4) (Final),R,3,Seattle Mariners,662185,Seattle Mariners,4,1,Paul Sewald,136,New York Yankees,SEA wins 2-1,Albert Abreu,[]
,Domingo German,N,,Bottom,Fenway Park,2022-08-12T23:10:00Z,147,2022-08-12,3,10,Final,New York Yankees,Nathan Eovaldi,Garrett Whitlock,2022-08-12 - New York Yankees (2) @ Boston Red Sox (3) (Final),R,2,Boston Red Sox,663177,Boston Red Sox,3,1,,111,New York Yankees,BOS leads 1-0,Lou Trivino,['MLBN (out-of-market only)']
,Frankie Montas,N,,Bottom,Fenway Park,2022-08-13T23:15:00Z,147,2022-08-13,3,9,Final,New York Yankees,Kutter Crawford,Aroldis Chapman,2022-08-13 - New York Yankees (3) @ Boston Red Sox (2) (Final),R,3,Boston Red Sox,663176,New York Yankees,2,1,Scott Effross,111,Boston Red Sox,Series tied 1-1,John Schreiber,['FOX']
,Jameson Taillon,N,,Top,Fenway Park,2022-08-14T23:08:00Z,147,2022-08-14,3,9,Final,New York Yankees,Michael Wacha,Michael Wacha,2022-08-14 - New York Yankees (0) @ Boston Red Sox (3) (Final),R,0,Boston Red Sox,663175,Boston Red Sox,3,1,Garrett Whitlock,111,New York Yankees,BOS wins 2-1,Jameson Taillon,['ESPN']
,Jalen Beeks,N,,Bottom,Yankee Stadium,2022-08-15T23:05:00Z,139,2022-08-15,3313,9,Final,Tampa Bay Rays,Gerrit Cole,Ryan Yarbrough,2022-08-15 - Tampa Bay Rays (4) @ New York Yankees (0) (Final),R,4,New York Yankees,661283,Tampa Bay Rays,0,1,,147,New York Yankees,TB leads 1-0,Gerrit Cole,[]
,Jeffrey Springs,N,,Bottom,Yankee Stadium,2022-08-16T23:05:00Z,139,2022-08-16,3313,9,Final,Tampa Bay Rays,Nestor Cortes,Jeffrey Springs,2022-08-16 - Tampa Bay Rays (3) @ New York Yankees (1) (Final),R,3,New York Yankees,661250,Tampa Bay Rays,1,1,Jason Adam,147,New York Yankees,TB wins 2-0,Nestor Cortes,['TBS']
,Corey Kluber,N,,Bottom,Yankee Stadium,2022-08-17T23:05:00Z,139,2022-08-17,3313,10,Final,Tampa Bay Rays,Domingo German,Aroldis Chapman,2022-08-17 - Tampa Bay Rays (7) @ New York Yankees (8) (Final),R,7,New York Yankees,661266,New York Yankees,8,1,,147,Tampa Bay Rays,TB wins 2-1,Jalen Beeks,[]
,Jose Berrios,N,,Bottom,Yankee Stadium,2022-08-18T23:05:00Z,141,2022-08-18,3313,9,Final,Toronto Blue Jays,Frankie Montas,Jose Berrios,2022-08-18 - Toronto Blue Jays (9) @ New York Yankees (2) (Final),R,9,New York Yankees,661265,Toronto Blue Jays,2,1,,147,New York Yankees,TOR leads 1-0,Frankie Montas,['MLBN (out-of-market only)']
,Kevin Gausman,N,,Bottom,Yankee Stadium,2022-08-19T23:05:00Z,141,2022-08-19,3313,9,Final,Toronto Blue Jays,Jameson Taillon,Kevin Gausman,2022-08-19 - Toronto Blue Jays (4) @ New York Yankees (0) (Final),R,4,New York Yankees,661319,Toronto Blue Jays,0,1,,147,New York Yankees,TOR leads 2-0,Jameson Taillon,['Apple TV+']
,Mitch White,N,,Bottom,Yankee Stadium,2022-08-20T17:05:00Z,141,2022-08-20,3313,9,Final,Toronto Blue Jays,Gerrit Cole,Adam Cimber,2022-08-20 - Toronto Blue Jays (5) @ New York Yankees (2) (Final),R,5,New York Yankees,661240,Toronto Blue Jays,2,1,Yimi Garcia,147,New York Yankees,TOR wins 3-0,Gerrit Cole,['MLBN (out-of-market only)']
,Alek Manoah,N,,Top,Yankee Stadium,2022-08-21T17:35:00Z,141,2022-08-21,3313,9,Final,Toronto Blue Jays,Nestor Cortes,Lou Trivino,2022-08-21 - Toronto Blue Jays (2) @ New York Yankees (4) (Final),R,2,New York Yankees,661239,New York Yankees,4,1,,147,Toronto Blue Jays,TOR wins 3-1,Adam Cimber,['MLBN (out-of-market only)']
,Max Scherzer,N,,Top,Yankee Stadium,2022-08-22T23:05:00Z,121,2022-08-22,3313,9,Final,New York Mets,Domingo German,Domingo German,2022-08-22 - New York Mets (2) @ New York Yankees (4) (Final),R,2,New York Yankees,661238,New York Yankees,4,1,Jonathan Loaisiga,147,New York Mets,NYY leads 1-0,Max Scherzer,['MLBN (out-of-market only)']
,Taijuan Walker,N,,Top,Yankee Stadium,2022-08-23T23:05:00Z,121,2022-08-23,3313,9,Final,New York Mets,Frankie Montas,Clarke Schmidt,2022-08-23 - New York Mets (2) @ New York Yankees (4) (Final),R,2,New York Yankees,661237,New York Yankees,4,1,Wandy Peralta,147,New York Mets,NYY wins 2-0,Joely Rodriguez,['TBS']
,Jameson Taillon,N,,Bottom,Oakland Coliseum,2022-08-26T01:40:00Z,147,2022-08-25,10,9,Final,New York Yankees,James Kaprielian,Jameson Taillon,2022-08-25 - New York Yankees (13) @ Oakland Athletics (4) (Final),R,13,Oakland Athletics,662337,New York Yankees,4,1,,133,Oakland Athletics,NYY leads 1-0,James Kaprielian,[]
,Gerrit Cole,N,,Bottom,Oakland Coliseum,2022-08-27T01:40:00Z,147,2022-08-26,10,9,Final,New York Yankees,JP Sears,Gerrit Cole,2022-08-26 - New York Yankees (3) @ Oakland Athletics (2) (Final),R,3,Oakland Athletics,662342,New York Yankees,2,1,Wandy Peralta,133,Oakland Athletics,NYY leads 2-0,JP Sears,['MLB.tv Free Game']
,Domingo German,N,,Bottom,Oakland Coliseum,2022-08-28T01:07:00Z,147,2022-08-27,10,11,Final,New York Yankees,Adam Oller,Joel Payamps,2022-08-27 - New York Yankees (2) @ Oakland Athletics (3) (Final),R,2,Oakland Athletics,662336,Oakland Athletics,3,1,,133,New York Yankees,NYY leads 2-1,Lou Trivino,[]
,Clarke Schmidt,N,,Top,Oakland Coliseum,2022-08-28T20:07:00Z,147,2022-08-28,10,9,Final,New York Yankees,Adrian Martinez,Adrian Martinez,2022-08-28 - New York Yankees (1) @ Oakland Athletics (4) (Final),R,1,Oakland Athletics,662335,Oakland Athletics,4,1,A.J. Puk,133,New York Yankees,Series tied 2-2,Clarke Schmidt,[]
,Frankie Montas,N,,Top,Angel Stadium,2022-08-30T01:38:00Z,147,2022-08-29,1,9,Final,New York Yankees,Jose Suarez,Jose Suarez,2022-08-29 - New York Yankees (3) @ Los Angeles Angels (4) (Final),R,3,Los Angeles Angels,663424,Los Angeles Angels,4,1,Jimmy Herget,108,New York Yankees,LAA leads 1-0,Frankie Montas,['MLBN (out-of-market only)']
,Jameson Taillon,N,,Bottom,Angel Stadium,2022-08-31T01:38:00Z,147,2022-08-30,1,9,Final,New York Yankees,Mike Mayers,Greg Weissert,2022-08-30 - New York Yankees (7) @ Los Angeles Angels (4) (Final),R,7,Los Angeles Angels,663437,New York Yankees,4,1,,108,Los Angeles Angels,Series tied 1-1,Mike Mayers,['MLBN (out-of-market only)']
,Gerrit Cole,N,,Top,Angel Stadium,2022-09-01T01:38:00Z,147,2022-08-31,1,9,Final,New York Yankees,Patrick Sandoval,Patrick Sandoval,2022-08-31 - New York Yankees (2) @ Los Angeles Angels (3) (Final),R,2,Los Angeles Angels,663410,Los Angeles Angels,3,1,Jimmy Herget,108,New York Yankees,LAA wins 2-1,Gerrit Cole,['MLB.tv Free Game']
,Domingo German,N,,Top,Tropicana Field,2022-09-02T23:10:00Z,147,2022-09-02,12,9,Final,New York Yankees,Jeffrey Springs,Jeffrey Springs,2022-09-02 - New York Yankees (0) @ Tampa Bay Rays (9) (Final),R,0,Tampa Bay Rays,661855,Tampa Bay Rays,9,1,,139,New York Yankees,TB leads 1-0,Domingo German,['MLBN (out-of-market only)']
,Clarke Schmidt,N,,Top,Tropicana Field,2022-09-03T22:10:00Z,147,2022-09-03,12,9,Final,New York Yankees,Corey Kluber,Corey Kluber,2022-09-03 - New York Yankees (1) @ Tampa Bay Rays (2) (Final),R,1,Tampa Bay Rays,661854,Tampa Bay Rays,2,1,Jason Adam,139,New York Yankees,TB wins 2-0,Clarke Schmidt,[]
,Frankie Montas,N,,Bottom,Tropicana Field,2022-09-04T17:40:00Z,147,2022-09-04,12,9,Final,New York Yankees,Shawn Armstrong,Frankie Montas,2022-09-04 - New York Yankees (2) @ Tampa Bay Rays (1) (Final),R,2,Tampa Bay Rays,661853,New York Yankees,1,1,Clay Holmes,139,Tampa Bay Rays,TB wins 2-1,Shawn Armstrong,['MLBN (out-of-market only)']
,Chris Archer,N,,Top,Yankee Stadium,2022-09-05T17:05:00Z,142,2022-09-05,3313,9,Final,Minnesota Twins,Jameson Taillon,Greg Weissert,2022-09-05 - Minnesota Twins (2) @ New York Yankees (5) (Final),R,2,New York Yankees,661236,New York Yankees,5,1,Clay Holmes,147,Minnesota Twins,NYY leads 1-0,Trevor Megill,['MLBN (out-of-market only)']
,Joe Ryan,N,,,Yankee Stadium,2022-09-06T23:05:00Z,142,2022-09-06,3313,,Postponed,Minnesota Twins,Gerrit Cole,,2022-09-06 - Minnesota Twins @ New York Yankees (Postponed),R,0,New York Yankees,661235,,0,1,,147,,NYY wins 3-0,,['TBS']
,Louie Varland,Y,,Bottom,Yankee Stadium,2022-09-07T19:05:00Z,142,2022-09-07,3313,12,Final,Minnesota Twins,Domingo German,Greg Weissert,2022-09-07 - Minnesota Twins (4) @ New York Yankees (5) (Final),R,4,New York Yankees,661251,New York Yankees,5,1,,147,Minnesota Twins,NYY leads 2-0,Trevor Megill,[]
,Joe Ryan,Y,,Top,Yankee Stadium,2022-09-07T19:10:00Z,142,2022-09-07,3313,9,Final,Minnesota Twins,Gerrit Cole,Gerrit Cole,2022-09-07 - Minnesota Twins (1) @ New York Yankees (7) (Final),R,1,New York Yankees,661235,New York Yankees,7,2,Lucas Luetge,147,Minnesota Twins,NYY wins 3-0,Joe Ryan,['TBS']
,Sonny Gray,N,,Bottom,Yankee Stadium,2022-09-08T23:05:00Z,142,2022-09-08,3313,9,Final,Minnesota Twins,Nestor Cortes,Griffin Jax,2022-09-08 - Minnesota Twins (4) @ New York Yankees (3) (Final),R,4,New York Yankees,661252,Minnesota Twins,3,1,Michael Fulmer,147,New York Yankees,NYY wins 3-1,Wandy Peralta,['MLBN (out-of-market only)']
,Drew Rasmussen,N,,Bottom,Yankee Stadium,2022-09-09T23:05:00Z,139,2022-09-09,3313,9,Final,Tampa Bay Rays,Frankie Montas,Drew Rasmussen,2022-09-09 - Tampa Bay Rays (4) @ New York Yankees (2) (Final),R,4,New York Yankees,661234,Tampa Bay Rays,2,1,Shawn Armstrong,147,New York Yankees,TB leads 1-0,Frankie Montas,[]
,Corey Kluber,N,,Top,Yankee Stadium,2022-09-10T17:05:00Z,139,2022-09-10,3313,9,Final,Tampa Bay Rays,Jameson Taillon,Jameson Taillon,2022-09-10 - Tampa Bay Rays (3) @ New York Yankees (10) (Final),R,3,New York Yankees,661282,New York Yankees,10,1,,147,Tampa Bay Rays,Series tied 1-1,Corey Kluber,['MLBN (out-of-market only)']
,Luis Patino,N,,Top,Yankee Stadium,2022-09-11T17:35:00Z,139,2022-09-11,3313,9,Final,Tampa Bay Rays,Domingo German,Wandy Peralta,2022-09-11 - Tampa Bay Rays (4) @ New York Yankees (10) (Final),R,4,New York Yankees,661232,New York Yankees,10,1,,147,Tampa Bay Rays,NYY wins 2-1,Luis Patino,['MLBN (out-of-market only)']
,Gerrit Cole,N,,Bottom,Fenway Park,2022-09-13T23:10:00Z,147,2022-09-13,3,10,Final,New York Yankees,Nick Pivetta,Clay Holmes,2022-09-13 - New York Yankees (7) @ Boston Red Sox (6) (Final),R,7,Boston Red Sox,663160,New York Yankees,6,1,Wandy Peralta,111,Boston Red Sox,NYY leads 1-0,Jeurys Familia,['TBS (out-of-market only)']
,Nestor Cortes,N,,Bottom,Fenway Park,2022-09-14T23:10:00Z,147,2022-09-14,3,9,Final,New York Yankees,Brayan Bello,Nestor Cortes,2022-09-14 - New York Yankees (5) @ Boston Red Sox (3) (Final),R,5,Boston Red Sox,663159,New York Yankees,3,1,Clay Holmes,111,Boston Red Sox,NYY wins 2-0,Brayan Bello,[]
,Frankie Montas,N,,Bottom,American Family Field,2022-09-17T00:10:00Z,147,2022-09-16,32,9,Final,New York Yankees,Adrian Houser,Taylor Rogers,2022-09-16 - New York Yankees (6) @ Milwaukee Brewers (7) (Final),R,6,Milwaukee Brewers,661164,Milwaukee Brewers,7,1,,158,New York Yankees,MIL leads 1-0,Clay Holmes,['MLBN (out-of-market only)']
,Jameson Taillon,N,,Top,American Family Field,2022-09-17T23:10:00Z,147,2022-09-17,32,9,Final,New York Yankees,Brandon Woodruff,Brandon Woodruff,2022-09-17 - New York Yankees (1) @ Milwaukee Brewers (4) (Final),R,1,Milwaukee Brewers,661163,Milwaukee Brewers,4,1,Devin Williams,158,New York Yankees,MIL wins 2-0,Jameson Taillon,['MLBN (out-of-market only)']
,Gerrit Cole,N,,Bottom,American Family Field,2022-09-18T18:10:00Z,147,2022-09-18,32,9,Final,New York Yankees,Jason Alexander,Gerrit Cole,2022-09-18 - New York Yankees (12) @ Milwaukee Brewers (8) (Final),R,12,Milwaukee Brewers,661162,New York Yankees,8,1,,158,Milwaukee Brewers,MIL wins 2-1,Hoby Milner,['MLB.tv Free Game']
,Luis Ortiz,N,,Bottom,Yankee Stadium,2022-09-20T23:05:00Z,134,2022-09-20,3313,9,Final,Pittsburgh Pirates,Nestor Cortes,Aroldis Chapman,2022-09-20 - Pittsburgh Pirates (8) @ New York Yankees (9) (Final),R,8,New York Yankees,661229,New York Yankees,9,1,,147,Pittsburgh Pirates,NYY leads 1-0,Wil Crowe,[]
,Roansy Contreras,N,,Top,Yankee Stadium,2022-09-21T23:05:00Z,134,2022-09-21,3313,9,Final,Pittsburgh Pirates,Luis Severino,Luis Severino,2022-09-21 - Pittsburgh Pirates (2) @ New York Yankees (14) (Final),R,2,New York Yankees,661228,New York Yankees,14,1,,147,Pittsburgh Pirates,NYY wins 2-0,Roansy Contreras,[]
,Michael Wacha,N,,Bottom,Yankee Stadium,2022-09-22T23:15:00Z,111,2022-09-22,3313,10,Final,Boston Red Sox,Jameson Taillon,Clay Holmes,2022-09-22 - Boston Red Sox (4) @ New York Yankees (5) (Final),R,4,New York Yankees,661243,New York Yankees,5,1,,147,Boston Red Sox,NYY leads 1-0,Kaleb Ort,['FOX']
,Rich Hill,N,,Top,Yankee Stadium,2022-09-23T23:05:00Z,111,2022-09-23,3313,9,Final,Boston Red Sox,Gerrit Cole,Jonathan Loaisiga,2022-09-23 - Boston Red Sox (4) @ New York Yankees (5) (Final),R,4,New York Yankees,661222,New York Yankees,5,1,,147,Boston Red Sox,NYY leads 2-0,Matt Strahm,['Apple TV+']
,Nick Pivetta,N,,Top,Yankee Stadium,2022-09-24T17:05:00Z,111,2022-09-24,3313,9,Final,Boston Red Sox,Domingo German,Lucas Luetge,2022-09-24 - Boston Red Sox (5) @ New York Yankees (7) (Final),R,5,New York Yankees,661221,New York Yankees,7,1,Scott Effross,147,Boston Red Sox,NYY wins 3-0,John Schreiber,['MLBN (out-of-market only)']
,Brayan Bello,N,,Bottom,Yankee Stadium,2022-09-25T23:08:00Z,111,2022-09-25,3313,6,Completed Early: Rain,Boston Red Sox,Nestor Cortes,,2022-09-25 - Boston Red Sox @ New York Yankees (Completed Early: Rain),R,0,New York Yankees,661220,,2,1,,147,,NYY wins 4-0,,['ESPN']
,Luis Severino,N,,Bottom,Rogers Centre,2022-09-26T23:07:00Z,147,2022-09-26,14,10,Final,New York Yankees,Kevin Gausman,Tim Mayza,2022-09-26 - New York Yankees (2) @ Toronto Blue Jays (3) (Final),R,2,Toronto Blue Jays,661768,Toronto Blue Jays,3,1,,141,New York Yankees,TOR leads 1-0,Clarke Schmidt,"['MLBN (out-of-market only)', 'MLB.tv Free Game']"
,Jameson Taillon,N,,Bottom,Rogers Centre,2022-09-27T23:07:00Z,147,2022-09-27,14,9,Final,New York Yankees,Jose Berrios,Jameson Taillon,2022-09-27 - New York Yankees (5) @ Toronto Blue Jays (2) (Final),R,5,Toronto Blue Jays,661778,New York Yankees,2,1,Lou Trivino,141,Toronto Blue Jays,Series tied 1-1,Jose Berrios,['TBS']
,Gerrit Cole,N,,Bottom,Rogers Centre,2022-09-28T23:07:00Z,147,2022-09-28,14,9,Final,New York Yankees,Mitch White,Gerrit Cole,2022-09-28 - New York Yankees (8) @ Toronto Blue Jays (3) (Final),R,8,Toronto Blue Jays,661737,New York Yankees,3,1,,141,Toronto Blue Jays,NYY wins 2-1,Tim Mayza,"['MLBN (out-of-market only)', 'MLB.tv Free Game']"
,Jordan Lyles,N,,Bottom,Yankee Stadium,2022-09-30T23:05:00Z,110,2022-09-30,3313,9,Final,Baltimore Orioles,Domingo German,Jordan Lyles,2022-09-30 - Baltimore Orioles (2) @ New York Yankees (1) (Final),R,2,New York Yankees,661218,Baltimore Orioles,1,1,DL Hall,147,New York Yankees,BAL leads 1-0,Domingo German,"['MLBN (out-of-market only)', 'MLB.tv Free Game']"
,Austin Voth,N,,Top,Yankee Stadium,2022-10-01T17:05:00Z,110,2022-10-01,3313,9,Final,Baltimore Orioles,Nestor Cortes,Nestor Cortes,2022-10-01 - Baltimore Orioles (0) @ New York Yankees (8) (Final),R,0,New York Yankees,661217,New York Yankees,8,1,,147,Baltimore Orioles,Series tied 1-1,Austin Voth,"['MLBN (out-of-market only)', 'MLB.tv Free Game']"
,Kyle Bradish,N,,Bottom,Yankee Stadium,2022-10-02T17:35:00Z,110,2022-10-02,3313,9,Final,Baltimore Orioles,Chi Chi Gonzalez,Logan Gillaspie,2022-10-02 - Baltimore Orioles (3) @ New York Yankees (1) (Final),R,3,New York Yankees,661215,Baltimore Orioles,1,1,Dillon Tate,147,New York Yankees,BAL wins 2-1,Aroldis Chapman,"['MLBN (out-of-market only)', 'MLB.tv Free Game']"
,Luis Severino,N,,Bottom,Globe Life Field,2022-10-03T23:05:00Z,147,2022-10-03,5325,9,Final,New York Yankees,Martin Perez,Luis Severino,2022-10-03 - New York Yankees (3) @ Texas Rangers (1) (Final),R,3,Texas Rangers,662044,New York Yankees,1,1,Scott Effross,140,Texas Rangers,NYY leads 1-0,Martin Perez,"['MLBN (out-of-market only)', 'MLB.tv Free Game']"
,Jameson Taillon,S,,Bottom,Globe Life Field,2022-10-04T18:05:00Z,147,2022-10-04,5325,9,Final,New York Yankees,Jon Gray,Aroldis Chapman,2022-10-04 - New York Yankees (5) @ Texas Rangers (4) (Final),R,5,Texas Rangers,662062,New York Yankees,4,1,Jonathan Loaisiga,140,Texas Rangers,NYY leads 2-0,Brock Burke,"['MLBN (out-of-market only)', 'MLB.tv Free Game']"
,Gerrit Cole,S,,Top,Globe Life Field,2022-10-05T00:05:00Z,147,2022-10-04,5325,9,Final,New York Yankees,Jesus Tinoco,Kolby Allard,2022-10-04 - New York Yankees (2) @ Texas Rangers (3) (Final),R,2,Texas Rangers,662010,Texas Rangers,3,2,Matt Moore,140,New York Yankees,NYY leads 2-1,Gerrit Cole,['MLB.tv Free Game']
,Domingo German,N,,Top,Globe Life Field,2022-10-05T20:05:00Z,147,2022-10-05,5325,9,Final,New York Yankees,Glenn Otto,Glenn Otto,2022-10-05 - New York Yankees (2) @ Texas Rangers (4) (Final),R,2,Texas Rangers,661996,Texas Rangers,4,1,Matt Moore,140,New York Yankees,Series tied 2-2,Domingo German,['MLB.tv Free Game']
,Cal Quantrill,N,,Top,Yankee Stadium,2022-10-11T23:37:00Z,114,2022-10-11,3313,9,Final,Cleveland Guardians,Gerrit Cole,Gerrit Cole,2022-10-11 - Cleveland Guardians (1) @ New York Yankees (4) (Final),D,1,New York Yankees,715753,New York Yankees,4,1,,147,Cleveland Guardians,NYY leads 1-0,Cal Quantrill,['TBS']
,Shane Bieber,N,,,Yankee Stadium,2022-10-13T23:37:00Z,114,2022-10-13,3313,,Postponed,Cleveland Guardians,Nestor Cortes,,2022-10-13 - Cleveland Guardians @ New York Yankees (Postponed),D,0,New York Yankees,715752,,0,1,,147,,Series tied 1-1,,['TBS']
,Shane Bieber,N,,Bottom,Yankee Stadium,2022-10-14T17:07:00Z,114,2022-10-14,3313,10,Final,Cleveland Guardians,Nestor Cortes,Emmanuel Clase,2022-10-14 - Cleveland Guardians (4) @ New York Yankees (2) (Final),D,4,New York Yankees,715752,Cleveland Guardians,2,1,,147,New York Yankees,Series tied 1-1,Jameson Taillon,['TBS']
,Luis Severino,N,,Bottom,Progressive Field,2022-10-15T23:37:00Z,147,2022-10-15,5,9,Final,New York Yankees,Triston McKenzie,Eli Morgan,2022-10-15 - New York Yankees (5) @ Cleveland Guardians (6) (Final),D,5,Cleveland Guardians,715751,Cleveland Guardians,6,1,,114,New York Yankees,CLE leads 2-1,Clarke Schmidt,['TBS']
,Gerrit Cole,N,,Bottom,Progressive Field,2022-10-16T23:07:00Z,147,2022-10-16,5,9,Final,New York Yankees,Cal Quantrill,Gerrit Cole,2022-10-16 - New York Yankees (4) @ Cleveland Guardians (2) (Final),D,4,Cleveland Guardians,715750,New York Yankees,2,1,Wandy Peralta,114,Cleveland Guardians,Series tied 2-2,Cal Quantrill,['TBS']
,Aaron Civale,N,,,Yankee Stadium,2022-10-17T23:07:00Z,114,2022-10-17,3313,,Postponed,Cleveland Guardians,Jameson Taillon,,2022-10-17 - Cleveland Guardians @ New York Yankees (Postponed),D,0,New York Yankees,715749,,0,1,,147,,NYY wins 3-2,,['TBS']
,Aaron Civale,N,,Top,Yankee Stadium,2022-10-18T20:07:00Z,114,2022-10-18,3313,9,Final,Cleveland Guardians,Nestor Cortes,Nestor Cortes,2022-10-18 - Cleveland Guardians (1) @ New York Yankees (5) (Final),D,1,New York Yankees,715749,New York Yankees,5,1,,147,Cleveland Guardians,NYY wins 3-2,Aaron Civale,['TBS']
,Jameson Taillon,N,,Top,Minute Maid Park,2022-10-19T23:37:00Z,147,2022-10-19,2392,9,Final,New York Yankees,Justin Verlander,Justin Verlander,2022-10-19 - New York Yankees (2) @ Houston Astros (4) (Final),L,2,Houston Astros,715738,Houston Astros,4,1,Ryan Pressly,117,New York Yankees,HOU leads 1-0,Clarke Schmidt,['TBS']
,Luis Severino,N,,Top,Minute Maid Park,2022-10-20T23:37:00Z,147,2022-10-20,2392,9,Final,New York Yankees,Framber Valdez,Framber Valdez,2022-10-20 - New York Yankees (2) @ Houston Astros (3) (Final),L,2,Houston Astros,715737,Houston Astros,3,1,Ryan Pressly,117,New York Yankees,HOU leads 2-0,Luis Severino,['TBS']
,Cristian Javier,N,,Bottom,Yankee Stadium,2022-10-22T21:07:00Z,117,2022-10-22,3313,9,Final,Houston Astros,Gerrit Cole,Cristian Javier,2022-10-22 - Houston Astros (5) @ New York Yankees (0) (Final),L,5,New York Yankees,715736,Houston Astros,0,1,,147,New York Yankees,HOU leads 3-0,Gerrit Cole,['TBS']
,Lance McCullers Jr.,N,,Bottom,Yankee Stadium,2022-10-23T23:07:00Z,117,2022-10-23,3313,9,Final,Houston Astros,Nestor Cortes,Hector Neris,2022-10-23 - Houston Astros (6) @ New York Yankees (5) (Final),L,6,New York Yankees,715735,Houston Astros,5,1,Ryan Pressly,147,New York Yankees,HOU wins 4-0,Jonathan Loaisiga,['TBS']
